타이틀 번호,요일,제목,링크
758037,월요일,참교육,https://shared-comic.pstatic.net/thumb/webtoon/758037/thumbnail/thumbnail_IMAG10_a2297504-4912-4c7e-a5a8-524d6fc77103.jpg
183559,월요일,신의 탑,https://shared-comic.pstatic.net/thumb/webtoon/183559/thumbnail/thumbnail_IMAG10_9a752bec-9ebd-4214-9449-28cf4defc650.jpg
648419,월요일,뷰티풀 군바리,https://shared-comic.pstatic.net/thumb/webtoon/648419/thumbnail/thumbnail_IMAG10_1421195d-13be-4cde-bcf9-0c78d51c5ea3.jpg
749632,월요일,파이게임,https://shared-comic.pstatic.net/thumb/webtoon/749632/thumbnail/thumbnail_IMAG10_8e2f81f2-e0c1-4e7a-8d34-ddfb10635ac5.jpg
654774,월요일,소녀의 세계,https://shared-comic.pstatic.net/thumb/webtoon/654774/thumbnail/thumbnail_IMAG10_c966c4af-f642-4531-b39b-74c284034d9e.jpg
602910,월요일,윈드브레이커,https://shared-comic.pstatic.net/thumb/webtoon/602910/thumbnail/thumbnail_IMAG10_8914c548-d69d-45d6-8008-bbc129e637c2.jpg
728750,월요일,장씨세가 호위무사,https://shared-comic.pstatic.net/thumb/webtoon/728750/thumbnail/thumbnail_IMAG10_d991c7c7-8068-48ce-b03b-54d4df8c8197.jpg
769317,월요일,삼매경,https://shared-comic.pstatic.net/thumb/webtoon/769317/thumbnail/thumbnail_IMAG10_09200bd8-ea5b-465f-aa55-f51256bfe812.jpg
759940,월요일,만렙돌파,https://shared-comic.pstatic.net/thumb/webtoon/759940/thumbnail/thumbnail_IMAG10_7abdbbb8-b81c-46ec-8a35-3a9730fc02fa.jpg
758671,월요일,황제와의 하룻밤,https://shared-comic.pstatic.net/thumb/webtoon/758671/thumbnail/thumbnail_IMAG10_052d1275-3145-4c1a-b7ab-af39cf8a6599.jpg
730174,월요일,칼가는 소녀,https://shared-comic.pstatic.net/thumb/webtoon/730174/thumbnail/thumbnail_IMAG10_df034319-e76a-42d5-a3dd-5412c67f29d4.jpg
703849,월요일,요리GO,https://shared-comic.pstatic.net/thumb/webtoon/703849/thumbnail/thumbnail_IMAG10_097cd002-38ad-47d0-99b8-05d4b2044a9d.jpg
709731,월요일,유일무이 로맨스,https://shared-comic.pstatic.net/thumb/webtoon/709731/thumbnail/thumbnail_IMAG10_b26742fe-0090-40db-a52f-9d6c97f3ada5.jpg
768536,월요일,잔불의 기사,https://shared-comic.pstatic.net/thumb/webtoon/768536/thumbnail/thumbnail_IMAG10_b85519b9-9322-450c-93a1-27c65f9b2e53.jpg
767919,월요일,야생천사 보호구역,https://shared-comic.pstatic.net/thumb/webtoon/767919/thumbnail/thumbnail_IMAG10_261a0e42-cb4f-41e1-afcc-43eab555530d.jpg
768534,월요일,수영만화일기,https://shared-comic.pstatic.net/thumb/webtoon/768534/thumbnail/thumbnail_IMAG10_aa734331-7228-4c02-9276-fbb7fcd27ef8.jpg
21815,월요일,히어로메이커,https://shared-comic.pstatic.net/thumb/webtoon/21815/thumbnail/thumbnail_title_21815_83x90.gif
716857,월요일,오늘의 순정망화,https://shared-comic.pstatic.net/thumb/webtoon/716857/thumbnail/thumbnail_IMAG10_fb5f2776-982c-4891-b844-e617a907d5c9.jpg
752414,월요일,리턴 투 플레이어,https://shared-comic.pstatic.net/thumb/webtoon/752414/thumbnail/thumbnail_IMAG10_edfdf4b2-914c-4864-8966-7b65d52994e9.jpg
739115,월요일,앵무살수,https://shared-comic.pstatic.net/thumb/webtoon/739115/thumbnail/thumbnail_IMAG10_a206c88b-0b8c-461d-b9e0-76ae8f6ee8ff.jpg
741891,월요일,결혼생활 그림일기,https://shared-comic.pstatic.net/thumb/webtoon/741891/thumbnail/thumbnail_IMAG10_0493a07d-a793-44e7-b6f8-7c2439cc61c9.jpg
597478,월요일,평범한 8반,https://shared-comic.pstatic.net/thumb/webtoon/597478/thumbnail/thumbnail_IMAG10_223dbebf-64c9-4de2-804d-0389d5c11d73.jpg
770590,월요일,기사님을 지켜줘,https://shared-comic.pstatic.net/thumb/webtoon/770590/thumbnail/thumbnail_IMAG10_ed42b29a-9760-40e8-9281-825c004f0b23.jpg
758667,월요일,사랑의 헌옷수거함,https://shared-comic.pstatic.net/thumb/webtoon/758667/thumbnail/thumbnail_IMAG10_1c4acfac-0d64-4177-872c-477afc640a18.jpg
761461,월요일,순정말고 순종,https://shared-comic.pstatic.net/thumb/webtoon/761461/thumbnail/thumbnail_IMAG10_bc1bf7e1-0a45-4b65-8484-4e1683c57baa.jpg
687915,월요일,꿈의 기업,https://shared-comic.pstatic.net/thumb/webtoon/687915/thumbnail/thumbnail_IMAG10_e03acc4a-a1ce-4ebc-a021-e3cc07af5f20.jpg
738809,월요일,아는 여자애,https://shared-comic.pstatic.net/thumb/webtoon/738809/thumbnail/thumbnail_IMAG10_b405b08b-cb48-47ee-b6b7-10ecade65033.jpg
753858,월요일,싸이코 리벤지,https://shared-comic.pstatic.net/thumb/webtoon/753858/thumbnail/thumbnail_IMAG10_fe304455-8376-49fd-852d-27ea36b7ac6e.jpg
766575,월요일,착한건 돈이된다,https://shared-comic.pstatic.net/thumb/webtoon/766575/thumbnail/thumbnail_IMAG10_ba9c6a52-98bc-4d7c-924c-7cb930e8fe6a.jpg
768433,월요일,브랜든,https://shared-comic.pstatic.net/thumb/webtoon/768433/thumbnail/thumbnail_IMAG10_5b1147a6-e70e-4229-b44d-9a20aeaa1829.jpg
764041,월요일,바로 보지 않는,https://shared-comic.pstatic.net/thumb/webtoon/764041/thumbnail/thumbnail_IMAG10_f4bfa353-9736-49e6-af74-8aae83bfc74e.jpg
762237,월요일,"선배, 그 립스틱 바르지 마요",https://shared-comic.pstatic.net/thumb/webtoon/762237/thumbnail/thumbnail_IMAG10_55ccac22-dba5-4d20-8ad0-fb7610fe8ea8.jpg
761553,월요일,살아간다,https://shared-comic.pstatic.net/thumb/webtoon/761553/thumbnail/thumbnail_IMAG10_c0b9bba9-d320-40d4-93ee-cd01b2f95685.jpg
752350,월요일,왕따협상,https://shared-comic.pstatic.net/thumb/webtoon/752350/thumbnail/thumbnail_IMAG10_337ea019-5c3f-403e-a112-9244c8116c0e.jpg
706590,월요일,피플,https://shared-comic.pstatic.net/thumb/webtoon/706590/thumbnail/thumbnail_IMAG10_a5797ba5-ae4b-417f-ad02-6457cd9866ec.jpg
747273,월요일,침범,https://shared-comic.pstatic.net/thumb/webtoon/747273/thumbnail/thumbnail_IMAG10_ea1ab128-8c3f-489d-aecd-c8ce02eac15b.jpg
765776,월요일,마지막 지수,https://shared-comic.pstatic.net/thumb/webtoon/765776/thumbnail/thumbnail_IMAG10_93784ff4-28e7-4848-b0e4-ae1adbd59a5a.jpg
769801,월요일,사막에 핀 달,https://shared-comic.pstatic.net/thumb/webtoon/769801/thumbnail/thumbnail_IMAG10_3b4e3c67-bded-4ee9-a775-5c744673f8f8.jpg
740132,월요일,중독연구소,https://shared-comic.pstatic.net/thumb/webtoon/740132/thumbnail/thumbnail_IMAG10_75fe6ace-e0ba-4e97-95ac-ac1144395b11.jpg
752413,월요일,이중첩자,https://shared-comic.pstatic.net/thumb/webtoon/752413/thumbnail/thumbnail_IMAG10_90bf5c0f-5f8b-4970-9b8c-25fc66832412.jpg
752530,월요일,원하는 건 너 하나,https://shared-comic.pstatic.net/thumb/webtoon/752530/thumbnail/thumbnail_IMAG10_5482b0b9-e708-4047-885a-9c015a6faa3d.jpg
756140,월요일,라서드,https://shared-comic.pstatic.net/thumb/webtoon/756140/thumbnail/thumbnail_IMAG10_c80848c1-5a94-4f77-a069-e869e8995186.jpg
761463,월요일,개밥 먹는 남자,https://shared-comic.pstatic.net/thumb/webtoon/761463/thumbnail/thumbnail_IMAG10_0693c413-b5ce-4a0d-8e47-87a3da9e04fc.jpg
759420,월요일,이탄국의 자청비,https://shared-comic.pstatic.net/thumb/webtoon/759420/thumbnail/thumbnail_IMAG10_fca0896c-4b50-40eb-b037-499f453dcb9e.jpg
721455,월요일,뱀파이어의 꽃,https://shared-comic.pstatic.net/thumb/webtoon/721455/thumbnail/thumbnail_IMAG10_a83c2fbd-caa9-46ed-abf7-6cd007327504.jpg
745654,월요일,백호랑,https://shared-comic.pstatic.net/thumb/webtoon/745654/thumbnail/thumbnail_IMAG10_791e7b17-10c6-46f1-ad8c-653d090fd168.jpg
750493,월요일,드로잉 레시피,https://shared-comic.pstatic.net/thumb/webtoon/750493/thumbnail/thumbnail_IMAG10_171a5039-1ee8-476e-b321-0681525c51fd.jpg
733770,월요일,인간의 온도,https://shared-comic.pstatic.net/thumb/webtoon/733770/thumbnail/thumbnail_IMAG10_796c4f6a-7f10-4c32-8746-872282936244.jpg
767979,월요일,그림자 신부,https://shared-comic.pstatic.net/thumb/webtoon/767979/thumbnail/thumbnail_IMAG10_9825a874-1e45-4d0c-8637-e9c1345085dd.jpg
730391,월요일,하슬라,https://shared-comic.pstatic.net/thumb/webtoon/730391/thumbnail/thumbnail_IMAG10_9dc0f9c2-f41d-4b2f-86e8-caa485246980.jpg
764623,월요일,오로지 오로라,https://shared-comic.pstatic.net/thumb/webtoon/764623/thumbnail/thumbnail_IMAG10_f313d5ed-410b-4892-91f8-d77e385423c3.jpg
764480,월요일,트리거,https://shared-comic.pstatic.net/thumb/webtoon/764480/thumbnail/thumbnail_IMAG10_079ee088-f175-40ed-9553-8bf2eb10e025.jpg
756790,월요일,보살님이 캐리해!,https://shared-comic.pstatic.net/thumb/webtoon/756790/thumbnail/thumbnail_IMAG10_45728c1e-50de-44f1-a3f1-d1af29dfc9d2.jpg
754872,월요일,헬로맨스,https://shared-comic.pstatic.net/thumb/webtoon/754872/thumbnail/thumbnail_IMAG10_6c4d0e20-77a0-43ef-881a-6798f874278b.jpg
734918,월요일,모락모락 왕세자님,https://shared-comic.pstatic.net/thumb/webtoon/734918/thumbnail/thumbnail_IMAG10_c4eb0e76-aedd-45b3-9c5b-964db66bd69c.jpg
772734,월요일,최후의 금빛아이,https://shared-comic.pstatic.net/thumb/webtoon/772734/thumbnail/thumbnail_IMAG10_845ee89f-0c3d-45a5-ae8f-fdb7bb6edefd.jpg
703852,화요일,바른연애 길잡이,https://shared-comic.pstatic.net/thumb/webtoon/703852/thumbnail/thumbnail_IMAG10_7a7e52e5-f211-485d-a5ba-4f6f3f8acdc6.jpg
703846,화요일,여신강림,https://shared-comic.pstatic.net/thumb/webtoon/703846/thumbnail/thumbnail_IMAG10_35503130-16ce-4236-b913-0fe76226de36.jpg
759925,화요일,엽총소년,https://shared-comic.pstatic.net/thumb/webtoon/759925/thumbnail/thumbnail_IMAG10_ab461af8-c357-459e-bf71-cdbb924cffcf.jpg
738487,화요일,하루만 네가 되고 싶어,https://shared-comic.pstatic.net/thumb/webtoon/738487/thumbnail/thumbnail_IMAG10_6704ef3b-2596-4fba-b40d-9ec522dfd866.jpg
743139,화요일,한림체육관,https://shared-comic.pstatic.net/thumb/webtoon/743139/thumbnail/thumbnail_IMAG10_df1a8c2f-63c4-44e1-b1f5-907c41c13243.jpg
702608,화요일,랜덤채팅의 그녀!,https://shared-comic.pstatic.net/thumb/webtoon/702608/thumbnail/thumbnail_IMAG10_85425026-fd1c-4a8a-8d58-e257bbf892c0.jpg
730656,화요일,사신소년,https://shared-comic.pstatic.net/thumb/webtoon/730656/thumbnail/thumbnail_IMAG10_b324ec4f-f869-4b55-b2fb-63306bef3a41.jpg
683496,화요일,신도림,https://shared-comic.pstatic.net/thumb/webtoon/683496/thumbnail/thumbnail_IMAG10_69a59ea4-ece8-4454-beea-a730adae236f.jpg
771044,화요일,몬스터,https://shared-comic.pstatic.net/thumb/webtoon/771044/thumbnail/thumbnail_IMAG10_bc5980e0-19e8-46da-85f6-99e6a78a139a.jpg
757904,화요일,호랑이 들어와요,https://shared-comic.pstatic.net/thumb/webtoon/757904/thumbnail/thumbnail_IMAG10_7a4f9439-1f09-47fa-a834-b69197b21d30.jpg
711422,화요일,삼국지톡,https://shared-comic.pstatic.net/thumb/webtoon/711422/thumbnail/thumbnail_IMAG10_4873773c-d8f0-430e-85d2-995f395b571f.jpg
719508,화요일,헬58,https://shared-comic.pstatic.net/thumb/webtoon/719508/thumbnail/thumbnail_IMAG10_7588cd34-ae5d-4b49-aeb7-21404d7503ef.jpg
753856,화요일,달콤살벌한 부부,https://shared-comic.pstatic.net/thumb/webtoon/753856/thumbnail/thumbnail_IMAG10_61cd690d-7c5f-449f-8384-f7642c368a04.jpg
755694,화요일,오피스 누나 이야기,https://shared-comic.pstatic.net/thumb/webtoon/755694/thumbnail/thumbnail_IMAG10_2e14da99-d098-428e-85c7-0879e02a8287.jpg
698918,화요일,원주민 공포만화,https://shared-comic.pstatic.net/thumb/webtoon/698918/thumbnail/thumbnail_IMAG10_1ffbcabb-b5fd-41d8-9500-faaee1d3cbb4.jpg
721433,화요일,집이 없어,https://shared-comic.pstatic.net/thumb/webtoon/721433/thumbnail/thumbnail_IMAG10_e9488dab-e61d-4219-93d2-75737f6be3de.jpg
771063,화요일,나는 어디에나 있다,https://shared-comic.pstatic.net/thumb/webtoon/771063/thumbnail/thumbnail_IMAG10_c8ae7ff8-dc8c-4800-8e2b-5a46cd504b04.jpg
766648,화요일,위아더좀비,https://shared-comic.pstatic.net/thumb/webtoon/766648/thumbnail/thumbnail_IMAG10_c081d7c7-0bbe-4815-9596-c486a2fbb013.jpg
616239,화요일,윌유메리미,https://shared-comic.pstatic.net/thumb/webtoon/616239/thumbnail/title_thumbnail_20161031214436_t83x90.jpg
723046,화요일,하우스키퍼,https://shared-comic.pstatic.net/thumb/webtoon/723046/thumbnail/thumbnail_IMAG10_bcbb3000-5fca-4d1d-b93a-087b03a2a13b.jpg
716857,화요일,오늘의 순정망화,https://shared-comic.pstatic.net/thumb/webtoon/716857/thumbnail/thumbnail_IMAG10_fb5f2776-982c-4891-b844-e617a907d5c9.jpg
770477,화요일,그녀석 정복기,https://shared-comic.pstatic.net/thumb/webtoon/770477/thumbnail/thumbnail_IMAG10_2dfa7431-9083-4a10-81a9-21e38950beb3.jpg
740034,화요일,견우와 선녀,https://shared-comic.pstatic.net/thumb/webtoon/740034/thumbnail/thumbnail_IMAG10_441329f7-c6b4-48ff-bbc6-025e0d303865.jpg
753853,화요일,"플레이, 플리",https://shared-comic.pstatic.net/thumb/webtoon/753853/thumbnail/thumbnail_IMAG10_f5d73c61-e9d0-44a4-836d-2608b3876667.jpg
772401,화요일,니나의 마법서랍,https://shared-comic.pstatic.net/thumb/webtoon/772401/thumbnail/thumbnail_IMAG10_37107ea5-7086-458e-b4f8-2906192ce9b5.jpg
741449,화요일,용왕님의 셰프가 되었습니다,https://shared-comic.pstatic.net/thumb/webtoon/741449/thumbnail/thumbnail_IMAG10_df502277-7a70-45ec-a553-b6d466a2e0f5.jpg
754875,화요일,아이레,https://shared-comic.pstatic.net/thumb/webtoon/754875/thumbnail/thumbnail_IMAG10_de87cbe7-e6f8-4207-9c9b-0b214e99d875.JPG
755601,화요일,성인초딩,https://shared-comic.pstatic.net/thumb/webtoon/755601/thumbnail/thumbnail_IMAG10_edafaf1f-bcea-4569-b16a-0d557e11a5d9.jpg
765156,화요일,빌런투킬,https://shared-comic.pstatic.net/thumb/webtoon/765156/thumbnail/thumbnail_IMAG10_e48be5f4-106e-4afb-adff-115811df94a9.jpg
771095,화요일,프린스 메이커,https://shared-comic.pstatic.net/thumb/webtoon/771095/thumbnail/thumbnail_IMAG10_7ea09324-d1e4-4ffc-935d-c7d5922651fa.jpg
759924,화요일,악인,https://shared-comic.pstatic.net/thumb/webtoon/759924/thumbnail/thumbnail_IMAG10_998053f8-d627-4b53-a08f-9664f4dee0b8.jpg
733458,화요일,3cm 헌터,https://shared-comic.pstatic.net/thumb/webtoon/733458/thumbnail/thumbnail_IMAG10_28672aca-7303-4e2a-8ad3-b14f6c449455.jpg
770030,화요일,급식러너,https://shared-comic.pstatic.net/thumb/webtoon/770030/thumbnail/thumbnail_IMAG10_96a01ef0-a2cd-4c4e-ada7-76ab6bb9fae7.jpg
767908,화요일,아이즈,https://shared-comic.pstatic.net/thumb/webtoon/767908/thumbnail/thumbnail_IMAG10_b8e01998-6a08-4d8f-8175-9c1a28057709.jpg
753839,화요일,빅맨,https://shared-comic.pstatic.net/thumb/webtoon/753839/thumbnail/thumbnail_IMAG10_d03af743-513a-4abe-af8a-28a1e623facb.jpg
771018,화요일,찐종합게임동아리,https://shared-comic.pstatic.net/thumb/webtoon/771018/thumbnail/thumbnail_IMAG10_ce5e048a-d84b-45c7-8366-1952f8c6d973.jpg
732988,화요일,올가미,https://shared-comic.pstatic.net/thumb/webtoon/732988/thumbnail/thumbnail_IMAG10_c01143c2-ed1c-4385-835c-5c5994f75ff7.jpg
654138,화요일,은주의 방 2~3부,https://shared-comic.pstatic.net/thumb/webtoon/654138/thumbnail/thumbnail_IMAG10_6703cec5-78ee-4a87-9362-e46b6763b432.jpg
676695,화요일,제로게임,https://shared-comic.pstatic.net/thumb/webtoon/676695/thumbnail/thumbnail_IMAG10_bf2d8488-97a2-45b7-97b0-44cdaf9263b1.jpg
769551,화요일,대신 심부름을 해다오,https://shared-comic.pstatic.net/thumb/webtoon/769551/thumbnail/thumbnail_IMAG10_8363faa4-b5f2-4c98-9d06-24b75faed605.jpg
738144,화요일,별종,https://shared-comic.pstatic.net/thumb/webtoon/738144/thumbnail/thumbnail_IMAG10_0930e4d9-b2db-4f33-9ae9-37d1d4d97885.jpg
738145,화요일,숲속의 담,https://shared-comic.pstatic.net/thumb/webtoon/738145/thumbnail/thumbnail_IMAG10_7c33c185-5110-4c83-9f42-ad2a6951c359.jpg
770068,화요일,나타나주세요!,https://shared-comic.pstatic.net/thumb/webtoon/770068/thumbnail/thumbnail_IMAG10_d25ed717-a417-490c-a52b-ab44f0c563ff.jpg
752532,화요일,연우의 순정,https://shared-comic.pstatic.net/thumb/webtoon/752532/thumbnail/thumbnail_IMAG10_b2862352-4ffb-495b-97f3-91f9d0f4e4ae.jpg
744381,화요일,오파츠,https://shared-comic.pstatic.net/thumb/webtoon/744381/thumbnail/thumbnail_IMAG10_cf7bf35e-2622-4dbe-b20a-17bf380fc2c1.jpg
761601,화요일,열녀박씨 계약결혼뎐,https://shared-comic.pstatic.net/thumb/webtoon/761601/thumbnail/thumbnail_IMAG10_5c82ba0c-4f5a-48ef-9847-f7b77e1808f8.jpg
766966,화요일,태시트,https://shared-comic.pstatic.net/thumb/webtoon/766966/thumbnail/thumbnail_IMAG10_110f4801-2cdf-4039-a103-a79adc514d95.jpg
769987,화요일,하나in세인,https://shared-comic.pstatic.net/thumb/webtoon/769987/thumbnail/thumbnail_IMAG10_434658ce-7ea8-496c-a421-4c02cdb37ab6.jpg
703850,화요일,자판귀,https://shared-comic.pstatic.net/thumb/webtoon/703850/thumbnail/thumbnail_IMAG10_d093ab2d-a006-457b-92b5-1da097bc3af1.jpg
737019,화요일,조선홍보대행사 조대박,https://shared-comic.pstatic.net/thumb/webtoon/737019/thumbnail/thumbnail_IMAG10_73fd973c-7a03-4eb9-b554-66c8af1ff683.jpg
748045,화요일,빛빛빛,https://shared-comic.pstatic.net/thumb/webtoon/748045/thumbnail/thumbnail_IMAG10_d793ac3d-51e3-4346-9f7d-60d16f3f6627.jpg
752531,화요일,완벽한 가족,https://shared-comic.pstatic.net/thumb/webtoon/752531/thumbnail/thumbnail_IMAG10_c96f3a6c-d4ae-4580-8577-6708284d44cb.jpg
738483,화요일,안식의 밤,https://shared-comic.pstatic.net/thumb/webtoon/738483/thumbnail/thumbnail_IMAG10_b243227c-6502-4c39-b9aa-09fde861850c.jpg
762073,화요일,나의 플랏메이트,https://shared-comic.pstatic.net/thumb/webtoon/762073/thumbnail/thumbnail_IMAG10_424bd290-657d-4c68-9555-6f3d33e54ed9.jpg
746535,화요일,언메이크,https://shared-comic.pstatic.net/thumb/webtoon/746535/thumbnail/thumbnail_IMAG10_f4602b05-cd1a-447d-9c6e-013ebe1ab4af.jpg
747666,화요일,도를 아십니까,https://shared-comic.pstatic.net/thumb/webtoon/747666/thumbnail/thumbnail_IMAG10_2a38d3f2-d060-4ce8-91b9-cfacd84bd04a.jpg
764622,화요일,풋내기들,https://shared-comic.pstatic.net/thumb/webtoon/764622/thumbnail/thumbnail_IMAG10_3bd9ada1-fdb7-473a-a589-d92b2fb67d94.jpg
738174,화요일,중증외상센터  골든 아워,https://shared-comic.pstatic.net/thumb/webtoon/738174/thumbnail/thumbnail_IMAG10_8087458b-54db-4a79-a332-891abbf266f5.jpg
758672,화요일,피로만땅,https://shared-comic.pstatic.net/thumb/webtoon/758672/thumbnail/thumbnail_IMAG10_060c8fcd-be1e-46bf-807a-f393e6f1bef2.jpg
759923,화요일,인문학적 감수성,https://shared-comic.pstatic.net/thumb/webtoon/759923/thumbnail/thumbnail_IMAG10_c7fec612-52af-425a-9ed6-c6d1c8fcb083.jpg
670143,수요일,헬퍼 2  킬베로스,https://shared-comic.pstatic.net/thumb/webtoon/670143/thumbnail/thumbnail_IMAG10_d2f956f7-2541-4b97-b933-e4aaa2564d14.jpg
626907,수요일,복학왕,https://shared-comic.pstatic.net/thumb/webtoon/626907/thumbnail/title_thumbnail_20150407141027_t83x90.jpg
747269,수요일,전지적 독자 시점,https://shared-comic.pstatic.net/thumb/webtoon/747269/thumbnail/thumbnail_IMAG10_55801c29-223f-46a0-a446-2e55d3024e71.jpg
728015,수요일,모죠의 일지,https://shared-comic.pstatic.net/thumb/webtoon/728015/thumbnail/thumbnail_IMAG10_f31cda1b-72fa-409e-b1ab-9c4a4e212696.jpg
758662,수요일,급식아빠,https://shared-comic.pstatic.net/thumb/webtoon/758662/thumbnail/thumbnail_IMAG10_576bcc2c-ea9e-4f37-8fe2-dc1faed26f10.jpg
738694,수요일,튜토리얼 탑의 고인물,https://shared-comic.pstatic.net/thumb/webtoon/738694/thumbnail/thumbnail_IMAG10_728d40b3-1224-4e00-b7a8-d16d9adbe137.jpg
701535,수요일,격기3반,https://shared-comic.pstatic.net/thumb/webtoon/701535/thumbnail/thumbnail_IMAG10_48867315-58f2-44fb-913c-25cfe2cd307d.jpg
736744,수요일,캐슬,https://shared-comic.pstatic.net/thumb/webtoon/736744/thumbnail/thumbnail_IMAG10_52c79b5c-7d5e-48ff-a377-ee247b3134bd.jpg
710747,수요일,세상은 돈과 권력,https://shared-comic.pstatic.net/thumb/webtoon/710747/thumbnail/thumbnail_IMAG10_62a436dc-7b3e-405a-b143-a7ecf2cd0485.jpg
769209,수요일,화산귀환,https://shared-comic.pstatic.net/thumb/webtoon/769209/thumbnail/thumbnail_IMAG10_13ff2e28-686a-42de-890e-9289550978bc.jpg
702672,수요일,노곤하개,https://shared-comic.pstatic.net/thumb/webtoon/702672/thumbnail/thumbnail_IMAG10_fc61362a-daff-4129-a2bf-d821fcff42bf.jpg
749639,수요일,남주의 첫날밤을 가져버렸다,https://shared-comic.pstatic.net/thumb/webtoon/749639/thumbnail/thumbnail_IMAG10_51043632-6c82-4e51-ab7a-5945724f0df8.jpg
760001,수요일,하렘의 남자들,https://shared-comic.pstatic.net/thumb/webtoon/760001/thumbnail/thumbnail_IMAG10_3656c7b1-966c-4492-9957-a6278aa80294.jpg
717481,수요일,일렉시드,https://shared-comic.pstatic.net/thumb/webtoon/717481/thumbnail/thumbnail_IMAG10_abd208ef-46dd-42ef-942e-df70b9e27386.jpg
667573,수요일,연놈,https://shared-comic.pstatic.net/thumb/webtoon/667573/thumbnail/thumbnail_IMAG10_71dd6b56-3beb-4c03-82ce-d77cb470c46e.jpg
750184,수요일,나쁜사람,https://shared-comic.pstatic.net/thumb/webtoon/750184/thumbnail/thumbnail_IMAG10_113cf716-dc7d-4f97-b6a9-a904b55c0ff4.jpg
761498,수요일,엔딩 후 서브남을 주웠다,https://shared-comic.pstatic.net/thumb/webtoon/761498/thumbnail/thumbnail_IMAG10_1d781698-ac88-4a3a-92a2-61416aa5f8f4.jpg
728126,수요일,고삼무쌍,https://shared-comic.pstatic.net/thumb/webtoon/728126/thumbnail/thumbnail_IMAG10_49208c45-8d35-4e1e-b7eb-efca7ff405b9.jpg
732955,수요일,닥터앤닥터 육아일기,https://shared-comic.pstatic.net/thumb/webtoon/732955/thumbnail/thumbnail_IMAG10_404a37ed-7552-41bb-8138-3ea97cc7bb03.jpg
733079,수요일,원수를 사랑하라,https://shared-comic.pstatic.net/thumb/webtoon/733079/thumbnail/thumbnail_IMAG10_d07acf94-3c55-4930-8968-f364af58ad06.jpg
750826,수요일,빌드업,https://shared-comic.pstatic.net/thumb/webtoon/750826/thumbnail/thumbnail_IMAG10_ffc8691b-a61c-42e5-9bce-51aac85e447c.jpg
730425,수요일,판타지 여동생!,https://shared-comic.pstatic.net/thumb/webtoon/730425/thumbnail/thumbnail_IMAG10_1021f165-b14c-480b-bf82-3e9d622472ea.jpg
770524,수요일,오징어도 사랑이 되나요,https://shared-comic.pstatic.net/thumb/webtoon/770524/thumbnail/thumbnail_IMAG10_54264f50-b2b4-4550-ad20-46dabe46af22.jpg
748535,수요일,마른 가지에 바람처럼,https://shared-comic.pstatic.net/thumb/webtoon/748535/thumbnail/thumbnail_IMAG10_611d136c-09d6-4607-9201-a8dbd1efad40.jpg
718020,수요일,귀곡의 문,https://shared-comic.pstatic.net/thumb/webtoon/718020/thumbnail/thumbnail_IMAG10_7c551d69-62f1-4869-b365-88f38a70553f.jpg
738143,수요일,여주실격!,https://shared-comic.pstatic.net/thumb/webtoon/738143/thumbnail/thumbnail_IMAG10_c5ff7b29-6c8c-4939-8a03-2298523bcaf9.jpg
749055,수요일,각자의 디데이,https://shared-comic.pstatic.net/thumb/webtoon/749055/thumbnail/thumbnail_IMAG10_0044b373-58c8-4a94-b764-cfdde8b59d79.jpg
671421,수요일,언덕 위의 제임스,https://shared-comic.pstatic.net/thumb/webtoon/671421/thumbnail/thumbnail_IMAG10_a98afd2e-d632-49f3-bdda-42827fff493f.jpg
733034,수요일,방탈출,https://shared-comic.pstatic.net/thumb/webtoon/733034/thumbnail/thumbnail_IMAG10_d1e2247e-2611-43cd-a18f-ad2f8d5127bc.jpg
755668,수요일,마녀와 용의 신혼일기,https://shared-comic.pstatic.net/thumb/webtoon/755668/thumbnail/thumbnail_IMAG10_cb3fb035-146c-4754-af7d-7f9aba1d19b8.jpg
748536,수요일,사상최강,https://shared-comic.pstatic.net/thumb/webtoon/748536/thumbnail/thumbnail_IMAG10_c24eae99-c803-499b-9360-a7fccd63a3c4.jpg
771718,수요일,수요웹툰의 나강림,https://shared-comic.pstatic.net/thumb/webtoon/771718/thumbnail/thumbnail_IMAG10_93453b20-70be-4431-adf0-5caaa15b57bb.jpg
725829,수요일,아도나이,https://shared-comic.pstatic.net/thumb/webtoon/725829/thumbnail/thumbnail_IMAG10_b7460a77-7be4-46c4-b3da-36655b868736.jpg
750558,수요일,로어 올림푸스,https://shared-comic.pstatic.net/thumb/webtoon/750558/thumbnail/thumbnail_IMAG10_b958aaec-eff0-4cd7-b11b-3ad6237408e7.jpg
752533,수요일,새벽 두 시의 신데렐라,https://shared-comic.pstatic.net/thumb/webtoon/752533/thumbnail/thumbnail_IMAG10_9fd5790c-8a67-44d5-8f50-8e8eac2b8fbd.jpg
747637,수요일,더 트웰브,https://shared-comic.pstatic.net/thumb/webtoon/747637/thumbnail/thumbnail_IMAG10_90b0c422-2623-4763-a458-fc490877b44d.jpg
710760,수요일,이츠마인,https://shared-comic.pstatic.net/thumb/webtoon/710760/thumbnail/thumbnail_IMAG10_0f9651ee-18f9-4fbb-bdf7-cded844fcb6d.jpg
736281,수요일,럭키언럭키,https://shared-comic.pstatic.net/thumb/webtoon/736281/thumbnail/thumbnail_IMAG10_713c672a-2b8d-453f-b1aa-7d3ca9df5162.jpg
760002,수요일,반귀,https://shared-comic.pstatic.net/thumb/webtoon/760002/thumbnail/thumbnail_IMAG10_4e41a674-f995-462a-bd19-bcaf0157299e.jpg
745589,수요일,범이올시다!,https://shared-comic.pstatic.net/thumb/webtoon/745589/thumbnail/thumbnail_IMAG10_2ca10058-1492-42c0-83a2-b16732dd825b.jpg
735979,수요일,얼굴천재,https://shared-comic.pstatic.net/thumb/webtoon/735979/thumbnail/thumbnail_IMAG10_3a37688f-8c8a-4255-a945-d4dda63223da.jpg
602916,수요일,칼부림,https://shared-comic.pstatic.net/thumb/webtoon/602916/thumbnail/thumbnail_IMAG10_4eff217c-c0f3-4272-aeef-aa6783a0cb3a.jpg
741150,수요일,당신의 향수,https://shared-comic.pstatic.net/thumb/webtoon/741150/thumbnail/thumbnail_IMAG10_76ed0838-0617-4f9e-8d95-184e7326a5e2.jpg
758670,수요일,웰컴 온보드,https://shared-comic.pstatic.net/thumb/webtoon/758670/thumbnail/thumbnail_IMAG10_05b449a1-c177-4340-9eea-f8b17e53f8e1.jpg
761596,수요일,말하는대로,https://shared-comic.pstatic.net/thumb/webtoon/761596/thumbnail/thumbnail_IMAG10_0263996f-e253-494b-936b-9093f5972da9.jpg
755758,수요일,속보입니다,https://shared-comic.pstatic.net/thumb/webtoon/755758/thumbnail/thumbnail_IMAG10_eac6de0a-c9ba-446b-8527-e03f45aa42f7.jpg
768466,수요일,내 룸메이트는 마네킹,https://shared-comic.pstatic.net/thumb/webtoon/768466/thumbnail/thumbnail_IMAG10_a7da2ff4-f7f1-4f1f-9c04-66e613ce143e.jpg
747961,수요일,인터셉트,https://shared-comic.pstatic.net/thumb/webtoon/747961/thumbnail/thumbnail_IMAG10_2b4ebb56-7afb-4494-890a-51527c78f74d.jpg
763851,수요일,뱀은 꽃을 먹는가,https://shared-comic.pstatic.net/thumb/webtoon/763851/thumbnail/thumbnail_IMAG10_58c4f59b-61ac-4e75-adad-0def86eacdbf.jpg
735254,수요일,신선비,https://shared-comic.pstatic.net/thumb/webtoon/735254/thumbnail/thumbnail_IMAG10_9d59e2a7-e4d6-4ccd-af1a-ee059a863b29.jpg
762786,수요일,해귀,https://shared-comic.pstatic.net/thumb/webtoon/762786/thumbnail/thumbnail_IMAG10_70ce1f46-883b-4f7a-9da5-d2d5de7a865b.jpg
751642,수요일,스캔들,https://shared-comic.pstatic.net/thumb/webtoon/751642/thumbnail/thumbnail_IMAG10_64016aa3-d684-4d4d-926f-84b372bb92fd.jpg
739113,수요일,기억흔적,https://shared-comic.pstatic.net/thumb/webtoon/739113/thumbnail/thumbnail_IMAG10_3ee7a2ba-0e2c-4518-8be8-55adff767e9f.jpg
740481,수요일,천도,https://shared-comic.pstatic.net/thumb/webtoon/740481/thumbnail/thumbnail_IMAG10_c0e7a7c6-d2cf-448f-9a2b-db148647d61f.jpg
745473,수요일,노선도,https://shared-comic.pstatic.net/thumb/webtoon/745473/thumbnail/thumbnail_IMAG10_3dbe87d0-c7f5-4f5d-b635-da0be423cf52.jpg
745236,수요일,스몰,https://shared-comic.pstatic.net/thumb/webtoon/745236/thumbnail/thumbnail_IMAG10_2d36b3f5-b679-4444-89d7-58354c72dc57.jpg
751625,수요일,수상한 비밀상담부,https://shared-comic.pstatic.net/thumb/webtoon/751625/thumbnail/thumbnail_IMAG10_3466277a-22d5-4971-a87d-27c2ce442229.jpg
736699,수요일,저승사자 출입금지,https://shared-comic.pstatic.net/thumb/webtoon/736699/thumbnail/thumbnail_IMAG10_948c361c-8571-4c45-9562-e2181f1c5bef.jpg
756606,수요일,시효완성,https://shared-comic.pstatic.net/thumb/webtoon/756606/thumbnail/thumbnail_IMAG10_bff93f0d-becf-493f-aed3-02586a5b0572.jpg
748105,목요일,독립일기,https://shared-comic.pstatic.net/thumb/webtoon/748105/thumbnail/thumbnail_IMAG10_becd3e24-cc09-4243-a1c9-646270f4a8db.jpg
736989,목요일,더 복서,https://shared-comic.pstatic.net/thumb/webtoon/736989/thumbnail/thumbnail_IMAG10_dc639e95-a787-49bd-9bb6-b835909a764d.jpg
570503,목요일,연애혁명,https://shared-comic.pstatic.net/thumb/webtoon/570503/thumbnail/thumbnail_IMAG10_023d23be-91f9-46c5-a1ff-152d6238e892.jpg
557672,목요일,기기괴괴,https://shared-comic.pstatic.net/thumb/webtoon/557672/thumbnail/thumbnail_IMAG10_d05c81ab-ea19-473b-818f-3aceb657ae1e.jpg
731130,목요일,이두나!,https://shared-comic.pstatic.net/thumb/webtoon/731130/thumbnail/thumbnail_IMAG10_0f5fa6cc-3d7c-4e20-a42d-60b32de309e5.jpg
747271,목요일,나노마신,https://shared-comic.pstatic.net/thumb/webtoon/747271/thumbnail/thumbnail_IMAG10_107ce0d9-e0a3-4846-b7e1-8597fa4e980a.jpg
756137,목요일,노답소녀,https://shared-comic.pstatic.net/thumb/webtoon/756137/thumbnail/thumbnail_IMAG10_64143a9b-dfdb-4f2e-878d-5f3453a82475.jpg
739503,목요일,화이트 블러드,https://shared-comic.pstatic.net/thumb/webtoon/739503/thumbnail/thumbnail_IMAG10_f515191d-adb2-466c-b014-66b276d8b471.jpg
762279,목요일,정글쥬스,https://shared-comic.pstatic.net/thumb/webtoon/762279/thumbnail/thumbnail_IMAG10_7eca3c20-7c36-49b7-a7af-af933e9c8c09.jpg
727798,목요일,겟백,https://shared-comic.pstatic.net/thumb/webtoon/727798/thumbnail/thumbnail_IMAG10_18981b01-c819-4685-8db2-4353a2b9bd54.jpg
710761,목요일,하드캐리,https://shared-comic.pstatic.net/thumb/webtoon/710761/thumbnail/thumbnail_IMAG10_9f8253a1-2318-4c0d-8d9e-f044f2203d4c.jpg
746857,목요일,무사만리행,https://shared-comic.pstatic.net/thumb/webtoon/746857/thumbnail/thumbnail_IMAG10_0e5a96ba-ee85-4de9-9996-b59852281617.jpg
738194,목요일,당신의 과녁,https://shared-comic.pstatic.net/thumb/webtoon/738194/thumbnail/thumbnail_IMAG10_1c31f225-1f88-40f3-925e-928776169bf5.jpg
770523,목요일,흑막 여주가 날 새엄마로 만들려고 해,https://shared-comic.pstatic.net/thumb/webtoon/770523/thumbnail/thumbnail_IMAG10_1487472a-7381-4bdb-ad7e-81b8e48d6d96.jpg
758439,목요일,던전 씹어먹는 아티팩트,https://shared-comic.pstatic.net/thumb/webtoon/758439/thumbnail/thumbnail_IMAG10_08abada1-ebb5-41cc-a28e-e3a71a422202.jpg
740487,목요일,신비,https://shared-comic.pstatic.net/thumb/webtoon/740487/thumbnail/thumbnail_IMAG10_953f1353-c4c0-4821-a716-d8bc4c9febfe.jpg
741825,목요일,꽃만 키우는데 너무강함,https://shared-comic.pstatic.net/thumb/webtoon/741825/thumbnail/thumbnail_IMAG10_2cb48835-dbbb-429c-b391-91a57775717e.jpg
768534,목요일,수영만화일기,https://shared-comic.pstatic.net/thumb/webtoon/768534/thumbnail/thumbnail_IMAG10_aa734331-7228-4c02-9276-fbb7fcd27ef8.jpg
716857,목요일,오늘의 순정망화,https://shared-comic.pstatic.net/thumb/webtoon/716857/thumbnail/thumbnail_IMAG10_fb5f2776-982c-4891-b844-e617a907d5c9.jpg
131385,목요일,쿠베라,https://shared-comic.pstatic.net/thumb/webtoon/131385/thumbnail/thumbnail_IMAG10_c5053bcc-3b95-473d-bfe1-e4256bf56b58.jpg
771720,목요일,소년의 기록,https://shared-comic.pstatic.net/thumb/webtoon/771720/thumbnail/thumbnail_IMAG10_7911f306-6306-4ede-b84e-3580e6fef13b.jpg
570506,목요일,최강전설 강해효,https://shared-comic.pstatic.net/thumb/webtoon/570506/thumbnail/title_thumbnail_20130710192300_t83x90.jpg
748069,목요일,선의의 경쟁,https://shared-comic.pstatic.net/thumb/webtoon/748069/thumbnail/thumbnail_IMAG10_c22837d5-e27f-497d-a282-7baa796ee87c.jpg
701700,목요일,트롤트랩,https://shared-comic.pstatic.net/thumb/webtoon/701700/thumbnail/thumbnail_IMAG10_91d1c77b-9ad9-43ce-8299-ed986700c65a.jpg
769662,목요일,온실 속 화초,https://shared-comic.pstatic.net/thumb/webtoon/769662/thumbnail/thumbnail_IMAG10_6cfb32f1-5e0a-45d5-989c-6dce97268b9c.jpg
770015,목요일,"그 개, 만두",https://shared-comic.pstatic.net/thumb/webtoon/770015/thumbnail/thumbnail_IMAG10_ab138a88-00e1-4b28-b65d-4456f311aac4.jpg
729964,목요일,만물의 영장,https://shared-comic.pstatic.net/thumb/webtoon/729964/thumbnail/thumbnail_IMAG10_8935ee89-7619-4466-abf6-b6c4d6e6f734.jpg
753222,목요일,시월드 판타지,https://shared-comic.pstatic.net/thumb/webtoon/753222/thumbnail/thumbnail_IMAG10_c81cfc5e-6a3c-4dc1-9975-42fc87cbff82.jpg
766503,목요일,마계인섬,https://shared-comic.pstatic.net/thumb/webtoon/766503/thumbnail/thumbnail_IMAG10_d1bfddf4-05e2-479a-b4f3-51b10580248b.jpg
768468,목요일,불편한 관계,https://shared-comic.pstatic.net/thumb/webtoon/768468/thumbnail/thumbnail_IMAG10_613100c8-584d-4986-9730-faa415dc699c.jpg
768471,목요일,혼모노트,https://shared-comic.pstatic.net/thumb/webtoon/768471/thumbnail/thumbnail_IMAG10_b9a47adc-295d-4bba-a1b6-c345ee24ea7c.jpg
748831,목요일,별을 삼킨 너에게,https://shared-comic.pstatic.net/thumb/webtoon/748831/thumbnail/thumbnail_IMAG10_f836766e-7ac9-46f7-b392-91f294567ca6.jpg
758587,목요일,자취방 신선들,https://shared-comic.pstatic.net/thumb/webtoon/758587/thumbnail/thumbnail_IMAG10_c55ec5af-63f5-4f34-9a57-a074cd41a1bf.jpg
770873,목요일,야만의 시대,https://shared-comic.pstatic.net/thumb/webtoon/770873/thumbnail/thumbnail_IMAG10_91a40117-9233-42ca-9532-3c730716d479.jpg
765322,목요일,그 황제가 시곗바늘을 되돌린 사연,https://shared-comic.pstatic.net/thumb/webtoon/765322/thumbnail/thumbnail_IMAG10_37907656-fba7-481d-84cc-7d804d0e14b6.jpg
715935,목요일,롤랑롤랑,https://shared-comic.pstatic.net/thumb/webtoon/715935/thumbnail/thumbnail_IMAG10_9b592a70-da0a-4637-8824-0444f9083247.jpg
771717,목요일,멸망X초이스,https://shared-comic.pstatic.net/thumb/webtoon/771717/thumbnail/thumbnail_IMAG10_42d5fd4e-0558-415a-8164-d585df440e66.jpg
743270,목요일,집사레인저,https://shared-comic.pstatic.net/thumb/webtoon/743270/thumbnail/thumbnail_IMAG10_dc66ec8f-7971-4db2-9bdd-6162a67dd7f5.jpg
733033,목요일,로그아웃,https://shared-comic.pstatic.net/thumb/webtoon/733033/thumbnail/thumbnail_IMAG10_d7d0a0fb-b5e8-447c-82d5-bb4c0d73e843.jpg
772192,목요일,평범한 낙원,https://shared-comic.pstatic.net/thumb/webtoon/772192/thumbnail/thumbnail_IMAG10_b767cf6c-c2de-4752-ba9c-93a6a54fefa6.jpg
762035,목요일,달의 요람,https://shared-comic.pstatic.net/thumb/webtoon/762035/thumbnail/thumbnail_IMAG10_1ba3eada-ce8b-4913-a3d3-a34b40b108fc.jpg
762781,목요일,성스러운 아이돌,https://shared-comic.pstatic.net/thumb/webtoon/762781/thumbnail/thumbnail_IMAG10_e80d1b5c-bd28-4afb-98c2-aa89578720da.jpg
731930,목요일,안개무덤,https://shared-comic.pstatic.net/thumb/webtoon/731930/thumbnail/thumbnail_IMAG10_0217e232-d198-4562-b80a-495e711c2aea.jpg
733076,목요일,겟라이프,https://shared-comic.pstatic.net/thumb/webtoon/733076/thumbnail/thumbnail_IMAG10_9c070ef4-e569-4a14-b1cf-7ce368c07016.jpg
758673,목요일,어차피 남편은!,https://shared-comic.pstatic.net/thumb/webtoon/758673/thumbnail/thumbnail_IMAG10_2d7f467a-5ba9-4cba-99ec-30186230110c.jpg
758678,목요일,루커피쳐,https://shared-comic.pstatic.net/thumb/webtoon/758678/thumbnail/thumbnail_IMAG10_03ebb3b9-d4f1-4b5a-a96b-ac9973197272.jpg
738173,목요일,셈하는 사이,https://shared-comic.pstatic.net/thumb/webtoon/738173/thumbnail/thumbnail_IMAG10_08b0310b-b45b-45ef-80b4-34ae9c4e7e7a.jpg
771985,목요일,모어 라이프,https://shared-comic.pstatic.net/thumb/webtoon/771985/thumbnail/thumbnail_IMAG10_c49ffbce-64d3-4c84-ad82-4163755f006c.jpg
742351,목요일,소녀180,https://shared-comic.pstatic.net/thumb/webtoon/742351/thumbnail/thumbnail_IMAG10_3fdceb38-bcc8-419e-b4de-1cc70eb2be71.jpg
758661,목요일,유리와 유리와 유리,https://shared-comic.pstatic.net/thumb/webtoon/758661/thumbnail/thumbnail_IMAG10_3faf68b4-8419-4cc5-9f39-badea2abc1c5.jpg
738843,목요일,불릿 6미리,https://shared-comic.pstatic.net/thumb/webtoon/738843/thumbnail/thumbnail_IMAG10_59c8f980-8206-4702-b824-e4fe5a81b947.jpg
724482,목요일,미드나잇 체이서,https://shared-comic.pstatic.net/thumb/webtoon/724482/thumbnail/thumbnail_IMAG10_e1258997-aba5-4d93-b766-a7e4d99f9bc1.jpg
754876,목요일,카루나,https://shared-comic.pstatic.net/thumb/webtoon/754876/thumbnail/thumbnail_IMAG10_92cf9f87-01e2-45ef-9363-d8105cbfe251.jpg
736274,목요일,밤하늘에 구름운,https://shared-comic.pstatic.net/thumb/webtoon/736274/thumbnail/thumbnail_IMAG10_d1ab3c65-38aa-45a9-978b-fec6693e5c1c.jpg
751993,목요일,보물과 괴물의 도시,https://shared-comic.pstatic.net/thumb/webtoon/751993/thumbnail/thumbnail_IMAG10_b369a138-95fe-43de-879d-61061000c6d0.jpg
761102,목요일,바른탕진 프로젝트,https://shared-comic.pstatic.net/thumb/webtoon/761102/thumbnail/thumbnail_IMAG10_a1ff5ded-1d8c-4131-afe0-7d5de71261f5.jpg
759475,목요일,헬프미,https://shared-comic.pstatic.net/thumb/webtoon/759475/thumbnail/thumbnail_IMAG10_2c074594-aa67-46b4-889b-5bf7509e95b6.jpg
641253,금요일,외모지상주의,https://shared-comic.pstatic.net/thumb/webtoon/641253/thumbnail/thumbnail_IMAG10_d4d1a799-d193-4e5a-9b46-6dffcead862a.jpg
318995,금요일,갓 오브 하이스쿨,https://shared-comic.pstatic.net/thumb/webtoon/318995/thumbnail/title_thumbnail_20110407182655_t83x90.jpg
753478,금요일,데드퀸,https://shared-comic.pstatic.net/thumb/webtoon/753478/thumbnail/thumbnail_IMAG10_cc45f936-25b1-4656-bdcb-6aa9d83719da.jpg
735661,금요일,재혼 황후,https://shared-comic.pstatic.net/thumb/webtoon/735661/thumbnail/thumbnail_IMAG10_95dbdf89-c88d-40dd-b87c-7ff5b5094646.jpg
725586,금요일,1초,https://shared-comic.pstatic.net/thumb/webtoon/725586/thumbnail/thumbnail_IMAG10_e19e3e87-66e8-443e-83f8-63a8565decbd.jpg
712362,금요일,개를 낳았다,https://shared-comic.pstatic.net/thumb/webtoon/712362/thumbnail/thumbnail_IMAG10_9f6d72bc-7d94-4072-89de-26806164c7b3.jpg
752402,금요일,성경의 역사,https://shared-comic.pstatic.net/thumb/webtoon/752402/thumbnail/thumbnail_IMAG10_1970dd16-de63-45cc-a1d8-c79e7bb5d2f2.jpg
711422,금요일,삼국지톡,https://shared-comic.pstatic.net/thumb/webtoon/711422/thumbnail/thumbnail_IMAG10_4873773c-d8f0-430e-85d2-995f395b571f.jpg
759457,금요일,여성전용헬스장 진달래짐,https://shared-comic.pstatic.net/thumb/webtoon/759457/thumbnail/thumbnail_IMAG10_6fc047df-7e7b-4e68-9d3e-c918724388f2.jpg
746534,금요일,낙향문사전,https://shared-comic.pstatic.net/thumb/webtoon/746534/thumbnail/thumbnail_IMAG10_34efd726-81da-4e99-82d5-6e47066aa1b2.jpg
552960,금요일,더 게이머,https://shared-comic.pstatic.net/thumb/webtoon/552960/thumbnail/title_thumbnail_20130905153649_t83x90.jpg
761722,금요일,세기말 풋사과 보습학원,https://shared-comic.pstatic.net/thumb/webtoon/761722/thumbnail/thumbnail_IMAG10_03b1346b-5a0b-40fc-884d-4b1f74c14af4.jpg
769210,금요일,엽사요괴사냥꾼,https://shared-comic.pstatic.net/thumb/webtoon/769210/thumbnail/thumbnail_IMAG10_4c62e25c-eab7-413b-8b6b-470075b846c2.jpg
764130,금요일,그들이 사귀는 세상,https://shared-comic.pstatic.net/thumb/webtoon/764130/thumbnail/thumbnail_IMAG10_627030e0-4279-4ff6-8498-5b227d4d869c.jpg
726095,금요일,살人스타그램,https://shared-comic.pstatic.net/thumb/webtoon/726095/thumbnail/thumbnail_IMAG10_dc0e2732-a4a9-4d99-81cc-be83afa6e3c6.jpg
751208,금요일,뫼신 사냥꾼,https://shared-comic.pstatic.net/thumb/webtoon/751208/thumbnail/thumbnail_IMAG10_1f8a6f44-0301-45df-8f0a-5c8fe68fe013.jpg
769567,금요일,"주님, 악마가 되게 해주세요!",https://shared-comic.pstatic.net/thumb/webtoon/769567/thumbnail/thumbnail_IMAG10_fe06aec8-eaa4-4a0f-897b-b11d70d2f5bd.jpg
700844,금요일,걸어서 30분,https://shared-comic.pstatic.net/thumb/webtoon/700844/thumbnail/thumbnail_IMAG10_670698b4-24a2-46e1-b5ec-9c7f41881a8e.jpg
745876,금요일,플레이어,https://shared-comic.pstatic.net/thumb/webtoon/745876/thumbnail/thumbnail_IMAG10_8fef7dc3-8a78-4cf9-9e44-4ef6c875875e.jpg
766563,금요일,히어로 킬러,https://shared-comic.pstatic.net/thumb/webtoon/766563/thumbnail/thumbnail_IMAG10_82231e8b-6b4f-4237-91b9-b6001eafb349.jpg
772020,금요일,로판 빙의 만화,https://shared-comic.pstatic.net/thumb/webtoon/772020/thumbnail/thumbnail_IMAG10_6db10ca2-1620-4bec-b2dd-f421a841d03c.jpg
751168,금요일,상남자,https://shared-comic.pstatic.net/thumb/webtoon/751168/thumbnail/thumbnail_IMAG10_05234185-ffa0-4e93-9619-acaa6b75da83.jpg
729044,금요일,난약,https://shared-comic.pstatic.net/thumb/webtoon/729044/thumbnail/thumbnail_IMAG10_fb77f3f4-e75a-4146-884a-578869107d27.jpg
735243,금요일,복학생 정순이,https://shared-comic.pstatic.net/thumb/webtoon/735243/thumbnail/thumbnail_IMAG10_4a933ebd-2895-4c8c-bea9-f57f728c0fd1.jpg
765471,금요일,환상의 용,https://shared-comic.pstatic.net/thumb/webtoon/765471/thumbnail/thumbnail_IMAG10_0faef97c-ebe0-4d75-abe7-a56ede4079f5.jpg
748534,금요일,구남친이 내게 반했다,https://shared-comic.pstatic.net/thumb/webtoon/748534/thumbnail/thumbnail_IMAG10_e7a3cb27-a9e6-4482-ba6f-3500ce73c091.jpg
729767,금요일,고래별,https://shared-comic.pstatic.net/thumb/webtoon/729767/thumbnail/thumbnail_IMAG10_e9afa12f-a8a7-456e-a9e3-cf4c3ac09a4c.jpg
729938,금요일,금혼령-조선혼인금지령,https://shared-comic.pstatic.net/thumb/webtoon/729938/thumbnail/thumbnail_IMAG10_c53d777e-2ef6-48a5-8e73-1afab8d144e8.jpg
758675,금요일,그 기사가 레이디로 사는 법,https://shared-comic.pstatic.net/thumb/webtoon/758675/thumbnail/thumbnail_IMAG10_e9ab6117-bef6-48a0-bb67-4d986179eb19.jpg
771330,금요일,태권보이,https://shared-comic.pstatic.net/thumb/webtoon/771330/thumbnail/thumbnail_IMAG10_8f97a7dc-1a1a-4f3a-a66f-38feddf8515b.jpg
764022,금요일,거래,https://shared-comic.pstatic.net/thumb/webtoon/764022/thumbnail/thumbnail_IMAG10_0e26962e-2e11-4649-9a3a-faa1741a0ff4.jpg
772764,금요일,죽지 않으려면,https://shared-comic.pstatic.net/thumb/webtoon/772764/thumbnail/thumbnail_IMAG10_21a11da4-78cd-4f99-9881-4b7afc51c05e.jpg
729963,금요일,가슴털 로망스,https://shared-comic.pstatic.net/thumb/webtoon/729963/thumbnail/thumbnail_IMAG10_43c309d8-19f8-4ad6-8ad4-707208fbaeb0.jpg
765804,금요일,A.I. 닥터,https://shared-comic.pstatic.net/thumb/webtoon/765804/thumbnail/thumbnail_IMAG10_12ae7306-467b-457e-895f-24a286dec8f6.jpg
756139,금요일,스포,https://shared-comic.pstatic.net/thumb/webtoon/756139/thumbnail/thumbnail_IMAG10_fd450842-e522-406f-9bad-6895280a9ad7.jpg
759418,금요일,감자마을,https://shared-comic.pstatic.net/thumb/webtoon/759418/thumbnail/thumbnail_IMAG10_f4ee493e-07bd-471f-badf-254bd7ff8bcd.jpg
771011,금요일,"찬란하지 않아도 괜찮아, 새벽",https://shared-comic.pstatic.net/thumb/webtoon/771011/thumbnail/thumbnail_IMAG10_8f5df026-a0b5-4d48-b7b5-fb45ee4178e3.jpg
765821,금요일,사람의 조각,https://shared-comic.pstatic.net/thumb/webtoon/765821/thumbnail/thumbnail_IMAG10_0d622466-4775-4c86-8f3a-f4ae9f0430ce.jpg
766626,금요일,악몽일기,https://shared-comic.pstatic.net/thumb/webtoon/766626/thumbnail/thumbnail_IMAG10_b4d67898-72d3-4d57-b413-7d8bd0eb7b41.jpg
769747,금요일,아찔한 전남편,https://shared-comic.pstatic.net/thumb/webtoon/769747/thumbnail/thumbnail_IMAG10_8d458eff-dd80-4b20-84d5-9e4e8ff5e0dd.jpg
655749,금요일,닥터 프로스트 시즌 3~4,https://shared-comic.pstatic.net/thumb/webtoon/655749/thumbnail/thumbnail_IMAG10_706e422b-6fd5-4a77-a501-cbc1da21bf09.jpg
749633,금요일,피와 나비,https://shared-comic.pstatic.net/thumb/webtoon/749633/thumbnail/thumbnail_IMAG10_f634f59e-1714-45cd-a7f6-17853daf80b7.jpg
732036,금요일,후덜덜덜 남극전자,https://shared-comic.pstatic.net/thumb/webtoon/732036/thumbnail/thumbnail_IMAG10_8b515b33-a333-4be4-9d82-fd23d4337378.jpg
741467,금요일,너의 미소가 함정,https://shared-comic.pstatic.net/thumb/webtoon/741467/thumbnail/thumbnail_IMAG10_24734aa1-9ba3-4cbb-bafd-caeb5c3a0097.jpg
768470,금요일,썸내일,https://shared-comic.pstatic.net/thumb/webtoon/768470/thumbnail/thumbnail_IMAG10_50772fc5-a319-4d36-ad62-b7cc07ecbcd5.jpg
764040,금요일,빨리감기,https://shared-comic.pstatic.net/thumb/webtoon/764040/thumbnail/thumbnail_IMAG10_bfd0bfbf-667e-4f37-97db-64fd7ab2798a.jpg
761587,금요일,방과후 선녀,https://shared-comic.pstatic.net/thumb/webtoon/761587/thumbnail/thumbnail_IMAG10_6302d19c-adc2-456e-a257-2c3e3e1ab61b.jpg
761496,금요일,도무지 그애는,https://shared-comic.pstatic.net/thumb/webtoon/761496/thumbnail/thumbnail_IMAG10_42768598-88c0-420e-8b33-fbe12130640c.jpg
644112,금요일,몽홀,https://shared-comic.pstatic.net/thumb/webtoon/644112/thumbnail/title_thumbnail_20150105174647_t83x90.jpg
739350,금요일,나쁜 쪽으로,https://shared-comic.pstatic.net/thumb/webtoon/739350/thumbnail/thumbnail_IMAG10_cc92f13a-56b6-415e-a5d3-37c34bad2bdd.jpg
730466,금요일,구독금지,https://shared-comic.pstatic.net/thumb/webtoon/730466/thumbnail/thumbnail_IMAG10_9a910bcc-598d-41a6-bba0-739db6ecc322.jpg
738177,금요일,감히,https://shared-comic.pstatic.net/thumb/webtoon/738177/thumbnail/thumbnail_IMAG10_79e41349-263e-4439-91b9-592a75c1da46.jpg
751999,금요일,백년게임,https://shared-comic.pstatic.net/thumb/webtoon/751999/thumbnail/thumbnail_IMAG10_6493e45d-5024-4b2e-836b-9fd5117b2635.jpg
724431,금요일,버그 스티그마,https://shared-comic.pstatic.net/thumb/webtoon/724431/thumbnail/thumbnail_IMAG10_a5033ce6-cf1f-45c7-9a8c-49dd744bbdc6.jpg
524520,금요일,트럼프,https://shared-comic.pstatic.net/thumb/webtoon/524520/thumbnail/thumbnail_IMAG10_2d94230a-1466-4eae-a829-3d177e8fb7e8.jpg
764165,금요일,꽃 피우는 남자,https://shared-comic.pstatic.net/thumb/webtoon/764165/thumbnail/thumbnail_IMAG10_ff750037-6c17-46b8-aefa-395f457ff8ae.jpg
746835,금요일,구주의 시간,https://shared-comic.pstatic.net/thumb/webtoon/746835/thumbnail/thumbnail_IMAG10_2b12f26d-69c5-4fb8-9225-4bfc51c4cf12.jpg
755788,금요일,진짜 정말 맹세코 좋아해,https://shared-comic.pstatic.net/thumb/webtoon/755788/thumbnail/thumbnail_IMAG10_b3c061e2-63d3-4f8a-a0d8-3df52a084030.jpg
762777,금요일,강림전기 개정기,https://shared-comic.pstatic.net/thumb/webtoon/762777/thumbnail/thumbnail_IMAG10_2786b230-7585-4c95-80e8-16e8e8fa9f2d.jpg
758677,금요일,히트포인트,https://shared-comic.pstatic.net/thumb/webtoon/758677/thumbnail/thumbnail_IMAG10_d4b4e33a-0e3b-4769-85fb-3822f10e1db5.jpg
753806,금요일,매지컬 메디컬,https://shared-comic.pstatic.net/thumb/webtoon/753806/thumbnail/thumbnail_IMAG10_45c0edb8-5746-44c9-9034-713b94f0d9f9.jpg
650305,토요일,호랑이형님,https://shared-comic.pstatic.net/thumb/webtoon/650305/thumbnail/title_thumbnail_20161209212128_t83x90.jpg
597447,토요일,프리드로우,https://shared-comic.pstatic.net/thumb/webtoon/597447/thumbnail/title_thumbnail_20131102162055_t83x90.jpg
728015,토요일,모죠의 일지,https://shared-comic.pstatic.net/thumb/webtoon/728015/thumbnail/thumbnail_IMAG10_f31cda1b-72fa-409e-b1ab-9c4a4e212696.jpg
727188,토요일,취사병 전설이 되다,https://shared-comic.pstatic.net/thumb/webtoon/727188/thumbnail/thumbnail_IMAG10_f01cc201-02c6-4a40-8c1a-e3db0c256876.jpg
753509,토요일,광장,https://shared-comic.pstatic.net/thumb/webtoon/753509/thumbnail/thumbnail_IMAG10_ff7c28fa-14c5-4652-b3d7-653169e9b9fb.jpg
762071,토요일,욕망일기,https://shared-comic.pstatic.net/thumb/webtoon/762071/thumbnail/thumbnail_IMAG10_678df15d-10da-4118-a778-cd17f0ca4667.jpg
702672,토요일,노곤하개,https://shared-comic.pstatic.net/thumb/webtoon/702672/thumbnail/thumbnail_IMAG10_fc61362a-daff-4129-a2bf-d821fcff42bf.jpg
758619,토요일,힙한남자,https://shared-comic.pstatic.net/thumb/webtoon/758619/thumbnail/thumbnail_IMAG10_e00943fb-a374-457d-822a-120f1de5afb3.jpg
746834,토요일,청춘 블라썸,https://shared-comic.pstatic.net/thumb/webtoon/746834/thumbnail/thumbnail_IMAG10_ef161cee-2248-446e-99e7-f6bcd8ded7b5.jpg
742826,토요일,토끼대왕,https://shared-comic.pstatic.net/thumb/webtoon/742826/thumbnail/thumbnail_IMAG10_0e4dc2ea-de51-4100-9047-ab4390a30b9c.jpg
724815,토요일,아홉수 우리들,https://shared-comic.pstatic.net/thumb/webtoon/724815/thumbnail/thumbnail_IMAG10_66484126-6730-4eae-acc4-5ca2d91a0851.jpg
64997,토요일,나이트런,https://shared-comic.pstatic.net/thumb/webtoon/64997/thumbnail/title_thumbnail_20110515001535_t83x90.jpg
616239,토요일,윌유메리미,https://shared-comic.pstatic.net/thumb/webtoon/616239/thumbnail/title_thumbnail_20161031214436_t83x90.jpg
765157,토요일,좀비 파이트,https://shared-comic.pstatic.net/thumb/webtoon/765157/thumbnail/thumbnail_IMAG10_cd8edb81-895b-441b-a63f-b29ad5eb04a1.jpg
733280,토요일,나를 바꿔줘,https://shared-comic.pstatic.net/thumb/webtoon/733280/thumbnail/thumbnail_IMAG10_6e31cdd0-a6be-4929-ac5b-b676997ad8a5.jpg
769568,토요일,반드시 해피엔딩,https://shared-comic.pstatic.net/thumb/webtoon/769568/thumbnail/thumbnail_IMAG10_7fc6c51f-7e8b-4c42-92e6-a2106b95a97d.jpg
703630,토요일,어글리후드,https://shared-comic.pstatic.net/thumb/webtoon/703630/thumbnail/thumbnail_IMAG10_2d640bb7-e140-4d3f-99c9-207d4442cf5c.jpg
762277,토요일,지옥급식,https://shared-comic.pstatic.net/thumb/webtoon/762277/thumbnail/thumbnail_IMAG10_f0939c87-51b1-44c8-a8de-8070913799b7.jpg
771065,토요일,중매쟁이 아가 황녀님,https://shared-comic.pstatic.net/thumb/webtoon/771065/thumbnail/thumbnail_IMAG10_3ca259a2-cb79-407a-86e0-d6ef47855b36.jpg
746285,토요일,동트는 로맨스,https://shared-comic.pstatic.net/thumb/webtoon/746285/thumbnail/thumbnail_IMAG10_b59baea4-d194-4618-b40b-c4c547b4152c.jpg
715159,토요일,갓핑크,https://shared-comic.pstatic.net/thumb/webtoon/715159/thumbnail/thumbnail_IMAG10_320c4a09-d0d3-43b1-be41-f713846ee0f9.jpg
772401,토요일,니나의 마법서랍,https://shared-comic.pstatic.net/thumb/webtoon/772401/thumbnail/thumbnail_IMAG10_37107ea5-7086-458e-b4f8-2906192ce9b5.jpg
739127,토요일,피라미드 게임,https://shared-comic.pstatic.net/thumb/webtoon/739127/thumbnail/thumbnail_IMAG10_184033c9-2452-4428-b2a6-741f3e54a98c.jpg
739292,토요일,두번째 생일,https://shared-comic.pstatic.net/thumb/webtoon/739292/thumbnail/thumbnail_IMAG10_d07c8396-80ec-4f39-903a-8b42b8ca2ce4.jpg
729047,토요일,공유몽,https://shared-comic.pstatic.net/thumb/webtoon/729047/thumbnail/thumbnail_IMAG10_9a8db8ca-3aab-4176-b88f-442344f9d986.jpg
770964,토요일,키스 식스 센스,https://shared-comic.pstatic.net/thumb/webtoon/770964/thumbnail/thumbnail_IMAG10_98bbda24-565f-49e2-9237-4f566d374a2d.jpg
755744,토요일,왕년엔 용사님,https://shared-comic.pstatic.net/thumb/webtoon/755744/thumbnail/thumbnail_IMAG10_7e848d16-3de2-4a31-b2f5-db9ab703cabc.jpg
770019,토요일,2-3승강장,https://shared-comic.pstatic.net/thumb/webtoon/770019/thumbnail/thumbnail_IMAG10_2a362375-d7f1-41a8-a521-30cf52de3028.jpg
755581,토요일,단편.zip,https://shared-comic.pstatic.net/thumb/webtoon/755581/thumbnail/thumbnail_IMAG10_e7e3fd8d-1776-46a2-97de-08a9413452b0.jpg
724274,토요일,먹이,https://shared-comic.pstatic.net/thumb/webtoon/724274/thumbnail/thumbnail_IMAG10_5bc5667d-0774-4c1c-a262-b99880896681.jpg
752340,토요일,남자주인공의 여자사람친구입니다,https://shared-comic.pstatic.net/thumb/webtoon/752340/thumbnail/thumbnail_IMAG10_0783a139-0d3f-4e21-a321-b2a4cb224492.jpg
749456,토요일,웰캄투실버라이프,https://shared-comic.pstatic.net/thumb/webtoon/749456/thumbnail/thumbnail_IMAG10_daad9f61-f0d2-4043-aad0-0161a8003745.jpg
750582,토요일,광해의 연인,https://shared-comic.pstatic.net/thumb/webtoon/750582/thumbnail/thumbnail_IMAG10_8ddaafa0-c129-47de-b064-54da7abef9f7.jpg
755559,토요일,태백  튜토리얼 맨,https://shared-comic.pstatic.net/thumb/webtoon/755559/thumbnail/thumbnail_IMAG10_d5570aa7-e7da-4d11-b807-5239e2e3874c.jpg
753975,토요일,내게 필요한 NO맨스,https://shared-comic.pstatic.net/thumb/webtoon/753975/thumbnail/thumbnail_IMAG10_b55c1caa-1076-4aad-ab31-066c039ac9af.jpg
762236,토요일,군주,https://shared-comic.pstatic.net/thumb/webtoon/762236/thumbnail/thumbnail_IMAG10_00e0e8a1-af22-45f6-92cd-7b6f12d4861e.jpg
739411,토요일,왕세자 입학도,https://shared-comic.pstatic.net/thumb/webtoon/739411/thumbnail/thumbnail_IMAG10_98c520c6-247a-4d01-9fee-f50fa4e3890c.jpg
769802,토요일,더 나우,https://shared-comic.pstatic.net/thumb/webtoon/769802/thumbnail/thumbnail_IMAG10_f6fe3f2e-61d4-4f6b-8d17-ebc5b62b217d.jpg
765470,토요일,율리,https://shared-comic.pstatic.net/thumb/webtoon/765470/thumbnail/thumbnail_IMAG10_ac3b1b22-3046-45ee-acf9-31408cbd0845.jpg
746833,토요일,"저무는 해, 시린 눈",https://shared-comic.pstatic.net/thumb/webtoon/746833/thumbnail/thumbnail_IMAG10_91acd6ab-2d8c-4e49-8538-5c7e431bd4a7.jpg
772853,토요일,"나태 공자, 노력 천재 되다",https://shared-comic.pstatic.net/thumb/webtoon/772853/thumbnail/thumbnail_IMAG10_e6351411-f883-4ea9-89f4-1ab98be99351.jpg
703839,토요일,홍시는 날 좋아해!,https://shared-comic.pstatic.net/thumb/webtoon/703839/thumbnail/thumbnail_IMAG10_701e4038-8bc6-4d4b-accc-230865d1ca25.jpg
749054,토요일,동네몬스터,https://shared-comic.pstatic.net/thumb/webtoon/749054/thumbnail/thumbnail_IMAG10_e1114f99-0365-4470-9d99-43312da51b7c.jpg
769193,토요일,아가사,https://shared-comic.pstatic.net/thumb/webtoon/769193/thumbnail/thumbnail_IMAG10_2935baf2-a8c0-41c2-9ccc-1ec61a412699.jpg
729563,토요일,압락사스,https://shared-comic.pstatic.net/thumb/webtoon/729563/thumbnail/thumbnail_IMAG10_d497111a-6728-45c2-924e-c2d032650c16.jpg
757579,토요일,팔려 온 신부,https://shared-comic.pstatic.net/thumb/webtoon/757579/thumbnail/thumbnail_IMAG10_b1cf47c0-8683-42ee-bb58-dce10af654f4.jpg
764951,토요일,좋은데 어떡해,https://shared-comic.pstatic.net/thumb/webtoon/764951/thumbnail/thumbnail_IMAG10_02bf594d-6b70-4ace-8fc5-5e8c44ec9e4b.jpg
764128,토요일,모두 너였다,https://shared-comic.pstatic.net/thumb/webtoon/764128/thumbnail/thumbnail_IMAG10_3dcc3a7a-5a75-4187-9930-95490c35cb7a.jpg
761709,토요일,오늘부터 천생연분,https://shared-comic.pstatic.net/thumb/webtoon/761709/thumbnail/thumbnail_IMAG10_5420fbef-c608-47e3-8a95-373644d017f3.jpg
753973,토요일,후아유!,https://shared-comic.pstatic.net/thumb/webtoon/753973/thumbnail/thumbnail_IMAG10_cc7ab0bf-bc6e-4c2d-b502-3ea928194d32.jpg
733277,토요일,도사 가온,https://shared-comic.pstatic.net/thumb/webtoon/733277/thumbnail/thumbnail_IMAG10_64e26284-ff6c-4998-9025-41a1118d09fd.jpg
756789,토요일,손 잡아 볼래,https://shared-comic.pstatic.net/thumb/webtoon/756789/thumbnail/thumbnail_IMAG10_d61c4c67-68c2-44bf-a9e0-df6d3c30fc9a.jpg
748532,토요일,"안녕, 이바다씨",https://shared-comic.pstatic.net/thumb/webtoon/748532/thumbnail/thumbnail_IMAG10_d419b844-ecd6-4099-bde1-efdc7ed28720.jpg
753304,토요일,아침을 지나 밤으로,https://shared-comic.pstatic.net/thumb/webtoon/753304/thumbnail/thumbnail_IMAG10_c44ead03-6930-4587-ba4e-d05b91271c1b.jpg
754780,토요일,인간졸업,https://shared-comic.pstatic.net/thumb/webtoon/754780/thumbnail/thumbnail_IMAG10_efbfb993-5a60-4c92-b9d7-bdd4cfca1efe.jpg
761592,토요일,친구의 비밀계정,https://shared-comic.pstatic.net/thumb/webtoon/761592/thumbnail/thumbnail_IMAG10_ebaf9c0f-11ab-4fca-8186-784657ceb7a3.jpg
762778,토요일,언플래시레슨,https://shared-comic.pstatic.net/thumb/webtoon/762778/thumbnail/thumbnail_IMAG10_1e555641-677b-43f9-962e-7db9b5a692f9.jpg
742888,토요일,누군가의 로섬,https://shared-comic.pstatic.net/thumb/webtoon/742888/thumbnail/thumbnail_IMAG10_863d6e45-168d-43e6-820c-47fc1fe30a1f.jpg
742782,토요일,함부로 대해줘,https://shared-comic.pstatic.net/thumb/webtoon/742782/thumbnail/thumbnail_IMAG10_ecd43041-f543-4da3-96e7-42bb02ed9210.jpg
740135,토요일,어른의 계절,https://shared-comic.pstatic.net/thumb/webtoon/740135/thumbnail/thumbnail_IMAG10_49bc1138-6218-4755-b951-432dba04a75e.jpg
748105,일요일,독립일기,https://shared-comic.pstatic.net/thumb/webtoon/748105/thumbnail/thumbnail_IMAG10_becd3e24-cc09-4243-a1c9-646270f4a8db.jpg
736277,일요일,싸움독학,https://shared-comic.pstatic.net/thumb/webtoon/736277/thumbnail/thumbnail_IMAG10_3ff8475e-6085-4188-a359-920a8801b419.jpg
710751,일요일,약한영웅,https://shared-comic.pstatic.net/thumb/webtoon/710751/thumbnail/thumbnail_IMAG10_f0f51e5a-a2f2-4404-8ace-866ab7fd1af3.jpg
746858,일요일,이번 생도 잘 부탁해,https://shared-comic.pstatic.net/thumb/webtoon/746858/thumbnail/thumbnail_IMAG10_4568450b-830e-42a2-b088-53a0666fa4fb.jpg
670152,일요일,열렙전사,https://shared-comic.pstatic.net/thumb/webtoon/670152/thumbnail/title_thumbnail_20160122210643_t83x90.jpg
758150,일요일,입학용병,https://shared-comic.pstatic.net/thumb/webtoon/758150/thumbnail/thumbnail_IMAG10_c03df7c9-dbf3-4314-8699-04ce77fb4444.jpg
729326,일요일,맘마미안,https://shared-comic.pstatic.net/thumb/webtoon/729326/thumbnail/thumbnail_IMAG10_ce9a3264-eabc-4f64-bf47-a620ed4f8899.jpg
743838,일요일,소녀재판,https://shared-comic.pstatic.net/thumb/webtoon/743838/thumbnail/thumbnail_IMAG10_74885554-1f99-4d1c-b826-e81a677b907d.jpg
761565,일요일,테러대부활,https://shared-comic.pstatic.net/thumb/webtoon/761565/thumbnail/thumbnail_IMAG10_6395d136-4553-405e-b496-a5fb7b50d69d.jpg
732955,일요일,닥터앤닥터 육아일기,https://shared-comic.pstatic.net/thumb/webtoon/732955/thumbnail/thumbnail_IMAG10_404a37ed-7552-41bb-8138-3ea97cc7bb03.jpg
761104,일요일,"곱게 키웠더니, 짐승",https://shared-comic.pstatic.net/thumb/webtoon/761104/thumbnail/thumbnail_IMAG10_20a0c862-dc88-459d-abeb-19971a17a0b8.jpg
751207,일요일,천하제일인,https://shared-comic.pstatic.net/thumb/webtoon/751207/thumbnail/thumbnail_IMAG10_be8bb974-c5a1-414b-93e5-a7895c2b9059.jpg
730657,일요일,오로지 너를 이기고 싶어,https://shared-comic.pstatic.net/thumb/webtoon/730657/thumbnail/thumbnail_IMAG10_aef09814-f0ba-4a80-96e7-e2b855974738.jpg
763308,일요일,나만 보여!,https://shared-comic.pstatic.net/thumb/webtoon/763308/thumbnail/thumbnail_IMAG10_4e7b1c98-9a35-4f3d-a2d4-47e4632d97a7.jpg
764129,일요일,살아남은 로맨스,https://shared-comic.pstatic.net/thumb/webtoon/764129/thumbnail/thumbnail_IMAG10_a6037df8-d210-452e-a2db-edbbe1f9ac53.jpg
767874,일요일,동생친구,https://shared-comic.pstatic.net/thumb/webtoon/767874/thumbnail/thumbnail_IMAG10_acf6aba7-07a4-4f69-9781-57ab77ef9b98.jpg
695796,일요일,내일,https://shared-comic.pstatic.net/thumb/webtoon/695796/thumbnail/thumbnail_IMAG10_45196bec-1bff-4b89-8c2d-bd182cea01a9.jpg
733047,일요일,행성인간,https://shared-comic.pstatic.net/thumb/webtoon/733047/thumbnail/thumbnail_IMAG10_eea47446-e3b9-4cce-b291-222f0699e77a.jpg
728128,일요일,합격시켜주세용,https://shared-comic.pstatic.net/thumb/webtoon/728128/thumbnail/thumbnail_IMAG10_6349dc0e-4eae-4d78-b5ee-a302dc717677.jpg
727476,일요일,구름이 피워낸 꽃,https://shared-comic.pstatic.net/thumb/webtoon/727476/thumbnail/thumbnail_IMAG10_06e0ab0b-ab95-461e-887c-318b5e876f68.jpg
737628,일요일,별이삼샵,https://shared-comic.pstatic.net/thumb/webtoon/737628/thumbnail/thumbnail_IMAG10_f4a08d1f-b191-4646-be39-4a59555adfbe.jpg
655746,일요일,마법스크롤 상인 지오,https://shared-comic.pstatic.net/thumb/webtoon/655746/thumbnail/thumbnail_IMAG10_261e36e7-8e8f-4640-bcf8-31232c5279b4.jpg
557676,일요일,다이스(DICE),https://shared-comic.pstatic.net/thumb/webtoon/557676/thumbnail/thumbnail_IMAG10_e44c2148-c07b-4ccb-b53a-1fee1c6e2122.jpg
755674,일요일,AI가 세상을 지배한다면,https://shared-comic.pstatic.net/thumb/webtoon/755674/thumbnail/thumbnail_IMAG10_652574d2-7cf3-4b69-89bf-f32cf74d13c6.jpg
750558,일요일,로어 올림푸스,https://shared-comic.pstatic.net/thumb/webtoon/750558/thumbnail/thumbnail_IMAG10_b958aaec-eff0-4cd7-b11b-3ad6237408e7.jpg
759567,일요일,판사 이한영,https://shared-comic.pstatic.net/thumb/webtoon/759567/thumbnail/thumbnail_IMAG10_6cee56e9-d777-4c30-9500-503d6b7a879d.jpg
755982,일요일,벚꽃이 흩날릴 무렵,https://shared-comic.pstatic.net/thumb/webtoon/755982/thumbnail/thumbnail_IMAG10_21996945-cfc4-4752-b4d1-c0c792728879.jpg
733728,일요일,강남도깨비,https://shared-comic.pstatic.net/thumb/webtoon/733728/thumbnail/thumbnail_IMAG10_7a59a85d-9d48-4564-8c78-4c96a0be92d9.jpg
766504,일요일,가짜인간,https://shared-comic.pstatic.net/thumb/webtoon/766504/thumbnail/thumbnail_IMAG10_c90c55a5-0214-4e72-b6eb-658e6227b935.jpg
771719,일요일,호수의 인어,https://shared-comic.pstatic.net/thumb/webtoon/771719/thumbnail/thumbnail_IMAG10_364a1696-334e-453d-a7ed-f24580a755c9.jpg
703844,일요일,가비지타임,https://shared-comic.pstatic.net/thumb/webtoon/703844/thumbnail/thumbnail_IMAG10_45cb4f83-5985-4042-b6eb-401c18af4321.jpg
758664,일요일,사람은 고쳐 쓰는 게 아니야!,https://shared-comic.pstatic.net/thumb/webtoon/758664/thumbnail/thumbnail_IMAG10_8efb6cc4-5076-483a-a81b-9c3407c5c557.jpg
739097,일요일,학교정벌,https://shared-comic.pstatic.net/thumb/webtoon/739097/thumbnail/thumbnail_IMAG10_11ac440f-add3-4120-a2e3-6bcf266f6074.jpg
736641,일요일,라일락 200%,https://shared-comic.pstatic.net/thumb/webtoon/736641/thumbnail/thumbnail_IMAG10_61ce8d7b-3788-4e28-a3b3-aad7c4067f1c.jpg
771933,일요일,굿 리스너,https://shared-comic.pstatic.net/thumb/webtoon/771933/thumbnail/thumbnail_IMAG10_2e0a9893-d9be-404e-be7c-23152cbf462a.jpg
730607,일요일,평행도시,https://shared-comic.pstatic.net/thumb/webtoon/730607/thumbnail/thumbnail_IMAG10_92b30f3a-66b8-40cc-9395-7472632437f5.jpg
741458,일요일,아르세니아의 마법사,https://shared-comic.pstatic.net/thumb/webtoon/741458/thumbnail/thumbnail_IMAG10_4f4d207d-6c08-4393-8f44-e7e9c1d02618.jpg
761599,일요일,결혼까지 망상했어!,https://shared-comic.pstatic.net/thumb/webtoon/761599/thumbnail/thumbnail_IMAG10_48192470-423d-4dab-9570-a091e90c6b3a.jpg
751992,일요일,오른눈이 보는 세계,https://shared-comic.pstatic.net/thumb/webtoon/751992/thumbnail/thumbnail_IMAG10_e3e6fe5d-4b0e-4736-a229-7c2831480983.jpg
753842,일요일,데빌샷,https://shared-comic.pstatic.net/thumb/webtoon/753842/thumbnail/thumbnail_IMAG10_e3670e7b-6bde-42d5-99f6-d971b30c6e3f.jpg
758663,일요일,두근두근 연극부,https://shared-comic.pstatic.net/thumb/webtoon/758663/thumbnail/thumbnail_IMAG10_e92c24f6-cc1a-436b-9645-728ccfa3408b.jpg
768467,일요일,푸른불꽃,https://shared-comic.pstatic.net/thumb/webtoon/768467/thumbnail/thumbnail_IMAG10_5fadf634-eaab-4edd-8292-93b8304368e7.jpg
773067,일요일,제타,https://shared-comic.pstatic.net/thumb/webtoon/773067/thumbnail/thumbnail_IMAG10_230655d6-9f14-49ab-a4ce-51fe590136c4.jpg
740387,일요일,잉여특공대,https://shared-comic.pstatic.net/thumb/webtoon/740387/thumbnail/thumbnail_IMAG10_ba41faf0-0bb2-4330-bd38-120c1d29f373.jpg
758676,일요일,조선여우스캔들,https://shared-comic.pstatic.net/thumb/webtoon/758676/thumbnail/thumbnail_IMAG10_c128068c-407a-435a-bdf1-87774dfac235.jpg
759641,일요일,오늘 밤만 재워줘,https://shared-comic.pstatic.net/thumb/webtoon/759641/thumbnail/thumbnail_IMAG10_35d679ca-6833-4d49-85ec-51ba1840ea6b.jpg
761514,일요일,"라커, 오프너",https://shared-comic.pstatic.net/thumb/webtoon/761514/thumbnail/thumbnail_IMAG10_c1456ca9-9a5c-4089-a847-9103761ae35a.jpg
745409,일요일,소녀 해미,https://shared-comic.pstatic.net/thumb/webtoon/745409/thumbnail/thumbnail_IMAG10_3757e849-e5f9-47eb-8d22-2c29524c10df.jpg
729883,일요일,위험한 신입사원,https://shared-comic.pstatic.net/thumb/webtoon/729883/thumbnail/thumbnail_IMAG10_b0eeb3fc-b1c7-4b06-93ca-86055021647c.jpg
737021,일요일,마도,https://shared-comic.pstatic.net/thumb/webtoon/737021/thumbnail/thumbnail_IMAG10_ddc03348-11b0-470b-bb76-688776b94479.jpg
752462,일요일,데이즈,https://shared-comic.pstatic.net/thumb/webtoon/752462/thumbnail/thumbnail_IMAG10_491373a1-e80e-4ecc-bb3a-10a1fe1d1ebb.jpg
744313,일요일,죽여주는 탐정님,https://shared-comic.pstatic.net/thumb/webtoon/744313/thumbnail/thumbnail_IMAG10_8d2af48d-0f5c-4353-8b09-ffa7fbb57b38.jpg
758665,일요일,샤인 스타,https://shared-comic.pstatic.net/thumb/webtoon/758665/thumbnail/thumbnail_IMAG10_477b3194-090a-45db-a203-ac808bc6e30d.jpg
745652,일요일,신이 담긴 아이,https://shared-comic.pstatic.net/thumb/webtoon/745652/thumbnail/thumbnail_IMAG10_f12e85e6-c697-470d-90db-9b5a0e924620.jpg
758674,일요일,스트러글,https://shared-comic.pstatic.net/thumb/webtoon/758674/thumbnail/thumbnail_IMAG10_bbf12d11-af71-48fd-8b12-5ea41e848b4e.jpg
758145,일요일,호시탐탐,https://shared-comic.pstatic.net/thumb/webtoon/758145/thumbnail/thumbnail_IMAG10_2ce1e536-232c-4ea4-acbe-36da3659e1ad.jpg
