,brand,store,sido,gungu,address,phone
0,cheogajip,심곡본점,경기도,부천시,경기도 부천시 경인로 190,032-661-9985
1,cheogajip,우정혁신점,울산광역시,중구,"울산광역시 중구 평동3길  32, 1    2층(유곡동)",052-212-9594
2,cheogajip,영화점,경기,수원시,경기 수원시 장안구 수성로364번길 15,031-241-0777
3,cheogajip,답십리점,서울특별시,동대문구,"서울특별시 동대문구 서울시립대로4길 27, 1층(전농동)",02-3390-9848
4,cheogajip,이동석동점,경상남도,창원시,"경상남도 창원시 진해구 이동로38번길 9, 1층(이동)",055-551-9299
5,cheogajip,송현점,인천광역시,동구,인천광역시 동구 수문통로 35,032-777-7734
6,cheogajip,별내2호점,경기,남양주시,경기 남양주시 덕송2로6번길 12-7,031-557-7036
7,cheogajip,의정부중앙점,경기,의정부시,경기 의정부시 평화로 608,031-841-5592
8,cheogajip,금당점,전남,순천시,"전남 순천시 조례못등길 85, 1층",061-722-9282
9,cheogajip,원주기업도시점,강원도,원주시,강원도 원주시 지정면 신지정로 300,033-744-7161
10,cheogajip,심곡본점,경기도,부천시,경기도 부천시 경인로 190,032-661-9985
11,cheogajip,우정혁신점,울산광역시,중구,"울산광역시 중구 평동3길  32, 1    2층(유곡동)",052-212-9594
12,cheogajip,영화점,경기,수원시,경기 수원시 장안구 수성로364번길 15,031-241-0777
13,cheogajip,답십리점,서울특별시,동대문구,"서울특별시 동대문구 서울시립대로4길 27, 1층(전농동)",02-3390-9848
14,cheogajip,이동석동점,경상남도,창원시,"경상남도 창원시 진해구 이동로38번길 9, 1층(이동)",055-551-9299
15,cheogajip,송현점,인천광역시,동구,인천광역시 동구 수문통로 35,032-777-7734
16,cheogajip,별내2호점,경기,남양주시,경기 남양주시 덕송2로6번길 12-7,031-557-7036
17,cheogajip,의정부중앙점,경기,의정부시,경기 의정부시 평화로 608,031-841-5592
18,cheogajip,금당점,전남,순천시,"전남 순천시 조례못등길 85, 1층",061-722-9282
19,cheogajip,원주기업도시점,강원도,원주시,강원도 원주시 지정면 신지정로 300,033-744-7161
20,cheogajip,신례원점,충청남도,예산군,충청남도 예산군 예산읍 창신로 67,041-334-8989
21,cheogajip,오학점,경기도,여주시,경기도 여주시 현암3길 16,031-885-9259
22,cheogajip,내발산점,서울특별시,강서구,서울특별시 강서구 우장산로 19,02-3664-4820
23,cheogajip,월영경대점,경상남도,창원시,경상남도 창원시 마산합포구 월영북16길 19,055-247-9292
24,cheogajip,오창2산단점,충북,청주시,충북 청주시 청원구 오창읍 주성1길 12,043-215-7575
25,cheogajip,망포점,경기도,수원시,경기도 수원시 영통구 영통로 153번길 6,031-205-1002
26,cheogajip,고강점,경기도,부천시,경기도 부천시 수주로 21-1,032-682-9222
27,cheogajip,도계점,강원도,삼척시,강원도 삼척시 도계읍 도계로 324-1,0507-1435-8781
28,cheogajip,청라2점,인천광역시,서구,인천광역시 서구 솔빛로 55,032-561-5616
29,cheogajip,복정점,경기도,성남시,경기도 성남시 수정구 복정로 92-1,031-759-0680
30,cheogajip,중앙역점,경기도,안산시,경기도 안산시 단원구 광덕3로 243,031-401-8999
31,cheogajip,덕포점,부산광역시,사상구,"부산광역시 사상구 사상로342번길 40, 1층 102호 (덕포동)",051-301-5900
32,cheogajip,마곡점,서울특별시,강서구,서울특별시 강서구 마곡중앙4로 22,02-6956-7792
33,cheogajip,남해고현점,경상남도,남해군,경상남도 남해군 고현면 탑동로 54,055-863-0920
34,cheogajip,창선점,경상남도,남해군,"경상남도 남해군 창선면 창선로 107-1, 2층",055-867-6000
35,cheogajip,동금점,경상남도,사천시,경상남도 사천시 중앙로 81-1,055-835-2281
36,cheogajip,사천점,경상남도,사천시,경상남도 사천시 사천읍 평화2길 38,055-853-9282
37,cheogajip,감계점,경상남도,창원시,"경상남도 창원시 의창구 북면 동전로 15, 105호",055-293-7877
38,cheogajip,양지점,경기,남양주시,경기 남양주시 오남읍 진건오남로797번길 28,031-573-9282
39,cheogajip,장성점,전라남도,장성군,전라남도 장성군 장성읍 영천로 133-2,061-393-9289
40,cheogajip,신사점,서울특별시,은평구,서울특별시 은평구 신사동 40-6,02-304-7770
41,cheogajip,중곡역점,서울특별시,광진구,"서울특별시 광진구 긴고랑로 5, 1층(중곡동)",02-3409-8292
42,cheogajip,응암점,서울특별시,은평구,"서울특별시 은평구 백련산로 36, 상가동 106호(응암동, 백련산 힐스테이트 3차)",02-303-8295
43,cheogajip,돈암점,서울특별시,성북구,"서울특별시 성북구 아리랑로6길 4, 1층(동선동5가)",02-6489-0101
44,cheogajip,거여점,서울특별시,송파구,"서울특별시 송파구 거마로7길 3, 1층 101호(거여동)",02-3402-1511
45,cheogajip,밀양내이점,경상남도,밀양시,경상남도 밀양시 북성로4길 16,055-356-9989
46,cheogajip,남지점,경남,창녕군,경남 창녕군 남지읍 남지중앙로 90,055-536-7333
47,cheogajip,신호동점,부산광역시,강서구,부산광역시 강서구 신호산단3로 66 1층 101호,051-831-0318
48,cheogajip,율하2지구점,경상남도,김해시,"경상남도 김해시 율하로 479-1, 331동 1층 104호(장유동, 원메이저푸르지오)",055-327-1811
49,cheogajip,남부동점,경남,양산시,경남 양산시 남부동 605-1번지 106호,055-383-9133
50,cheogajip,세곡점,서울특별시,강남구,"서울특별시 강남구 헌릉로571길 7, 1층 103호(세곡동, 강남레체)",02-451-8989
51,cheogajip,오금점,서울특별시,송파구,"서울특별시 송파구 마천로 165, 1층(오금동)",02-407-1257
52,cheogajip,구산점,경상남도,김해시,경상남도 김해시 구산동 1083-7번지 101호,055-336-4366
53,cheogajip,예산점,충남,예산군,충남 예산군 예산읍 벚꽃로 155번길 43,041-335-7277
54,cheogajip,신창점,광주,광산구,"광주 광산구 신창로36번길 19, 1층(신창동)",062-961-9282
55,cheogajip,장덕점,광주,광산구,"광주 광산구 장덕로39번길 14, 1층(장덕동)",062-961-9281
56,cheogajip,학동방림점,광주,동구,"광주 동구 천변우로 603, 102-101(학동)",062-233-9280
57,cheogajip,운남점,광주,광산구,"광주 광산구 목련로 273번안길 43, 2층(운남동)",062-716-9282
58,cheogajip,전대점,광주,북구,"광주 북구 우치로 100번길 3-2, 1층(용봉동)",062-262-9280
59,cheogajip,법원점,경기도,파주시,경기도 파주시 법원읍 술이홀로 969,031-959-0101
60,cheogajip,옥정2호점,경기,양주시,경기 양주시 옥정동로5나길 119,031-858-9901
61,cheogajip,전주혁신점,전주시,덕진구,전주시 덕진구 중동 오정2길3,063-222-9283
62,cheogajip,시흥은계점,경기도,시흥시,경기도 시흥시 은계번영길 7,031-315-5313
63,cheogajip,수서점,서울특별시,강남구,서울특별시 강남구 광평로56길 8-9,02-3411-3383
64,cheogajip,석전점,경상남도,창원시,경상남도 창원시 마산회원구 석전북2길 43,055-253-3138
65,cheogajip,등촌점,서울특별시,강서구,서울특별시 강서구 양천로 400-12,02-6967-1799
66,cheogajip,행당점,서울특별시,성동구,"서울특별시 성동구 행당로 76, 1층 117호(행당동, 행당한진타운 단지상가)",02-2299-8292
67,cheogajip,북정점,경상남도,양산시,"경상남도 양산시 북정중앙로 37, 1층 일부 (북정동)",055-381-7792
68,cheogajip,성안점,울산광역시,중구,"울산광역시 중구 함월22길 25, 102호(성안동, 성안청구타운아파트)",052-246-0370
69,cheogajip,모래내시장점,인천광역시,남동구,인천광역시 남동구 구월말로 69-19,032-465-6111
70,cheogajip,반송점,부산광역시,해운대구,"부산광역시 해운대구 반송로924번길 15, 1증(반송동)",051-545-7292
71,cheogajip,한림점,제주시,한림읍,"제주시 한림읍 한림상로 204,1층",064-796-9984
72,cheogajip,동구서부점,울산광역시,동구,울산광역시 동구 명덕3길 6 (서부동),052-232-6625
73,cheogajip,양주대동상가점,경상남도,양산시,"경상남도 양산시 양주로 156, 123동 1층 106호(중부동,대동황토방아파트)",055-382-2662
74,cheogajip,전포동성점,부산광역시,부산진구,부산광역시 부산진구 동성로 30길 4,051-804-2003
75,cheogajip,물금가촌점,양산시,물금읍,"양산시 물금읍 물금로 57, 상가2동 1층 109호(양산 이지더원 5차 아파트)",055-385-9982
76,cheogajip,서원시장점,부산광역시,동래구,"부산광역시 동래구 안락로 20, 1층",051-523-9995
77,cheogajip,난곡점,서울특별시,관악구,서울특별시 관악구 난우길 47,02-6952-9990
78,cheogajip,풍덕천점,경기도,용인시,경기도 용인시 수지구 풍덕천로160번길 5-1,031-262-9995
79,cheogajip,월피점,경기,안산시,경기 안산시 상록구 광덕산2로 18,031-411-5799
80,cheogajip,동탄목동점,경기도,화성시,경기도 화성시 동탄순환대로20길 70,031-8077-9696
81,cheogajip,국수점,경기,양평군,경기 양평군 양서면 경강로 1015,031-774-9288
82,cheogajip,김화점,강원도,철원군,강원도 철원군 김화읍 김화로 635,033-458-5572
83,cheogajip,주엽점,경기,고양시,경기 고양시 일산서구 강선로 33,031-921-7292
84,cheogajip,식사점,경기,고양시,경기 고양시 일산동구 위시티4로 80,031-963-8787
85,cheogajip,지금점,경기,남양주시,경기 남양주시 다산지금로 124-82,031-553-2597
86,cheogajip,행신장미점,경기,고양시,경기 고양시 덕양구 행신로143번길 123,031-971-7779
87,cheogajip,운정2호점,경기,파주시,경기 파주시 산내로104번길 14-8,031-941-9233
88,cheogajip,복천점,부산광역시,동래구,부산광역시 동래구 동래로 137-14(복천동),051-743-0433
89,cheogajip,덕소점,경기,남양주시,경기 남양주시 와부읍 덕소로 177,031-577-9977
90,cheogajip,고색점,경기도,수원시,경기도 수원시 권선구 매송고색로 691번길 6(고색동),031-292-8777
91,cheogajip,수성점,대구광역시,수성구,"대구광역시 수성구 수성로53길 20, 1층",053-768-5222
92,cheogajip,민락수변공원점,부산광역시,수영구,"부산광역시 수영구 광안해변로326번길 32, 1층 102호 (민락동, e편한세상오션테라스3단지)",051-753-9282
93,cheogajip,상일점,서울특별시,강동구,서울특별시 강동구 천호대로 219번길 74,02-441-7077
94,cheogajip,석수점,경기도,안양시,경기도 안양시 만안구 석천로 168,031-471-2959
95,cheogajip,운정3호점,경기,파주시,경기 파주시 가람로 51번길 26-30,031-941-9282
96,cheogajip,교문점,경기,구리시,경기 구리시 이문안로 9-1,031-566-9812
97,cheogajip,밀양무안점,경상남도,밀양시,경상남도 밀양시 무안면 사명로 503,055-353-9929
98,cheogajip,밀양구기점,경상남도,밀양시,경상남도 밀양시 청도면 청도로 111,055-352-9994
99,cheogajip,송현점,대구광역시,달서구,대구광역시 달서구 송현로 103,053-631-2338
100,cheogajip,세천점,대구광역시,달성군,대구광역시 달성군 다사읍 세천로10길 15-7,053-584-9995
101,cheogajip,하양점,경상북도,경산시,"경상북도 경산시 하양읍 문화로 12,2층",053-851-7599
102,cheogajip,광명1호점,경기도,광명시,경기도 광명시 오리로 1023,02-2688-7272
103,cheogajip,십정점,인천광역시,부평구,인천광역시 부평구 배곶로 77,032-422-7548
104,cheogajip,범어신도시점,경상남도,양산시,"경상남도 양산시 물금읍 범구1길 21, 2층 201호",055-386-7717
105,cheogajip,흑석점,서울특별시,동작구,서울특별시 동작구 현충로52,02-824-9001
106,cheogajip,호구포역점,인천광역시,남동구,인천광역시 남동구 논현로 40,032-429-9288
107,cheogajip,서석점,강원도,홍천군,강원도 홍천군 서석면 구룡령로 2532,033-433-4437
108,cheogajip,삼산본동점,울산광역시,남구,울산광역시 남구 남중로 76 (삼산동),052-227-9246
109,cheogajip,하계점,서울시,노원구,"서울시 노원구 공릉로58길 176, 상가동 101호(하계동, 우방아파트)",02-948-4500
110,cheogajip,구의광장점,서울시,광진구,"서울시 광진구 광나루로 545, 상강 제A동 1층 2호",02-444-9238
111,cheogajip,제기점,서울시,동대문구,서울시 동대문구 고산자로 56길 20,02-960-7270
112,cheogajip,중화점,서울시,중랑구,서울시 중랑구 봉화산로 102,02-437-9599
113,cheogajip,독립문점,서울시,종로구,서울시 종로구 사직로 11,02-730-2690
114,cheogajip,광운대점,서울시,성북구,서울시 성북구 장위로 49길 1-1(장위동),02-913-1292
115,cheogajip,녹번점,서울시,은평구,서울시 은평구 통일로 649(녹번동),02-356-7174
116,cheogajip,양곡점,경기도,김포시,경기도 김포시 양촌읍 양곡2로30번길 7-23,031-8049-7122
117,cheogajip,고덕1호점,경기도,평택시,경기도 평택시 고덕면 고덕여염 11길 114,031-665-9285
118,cheogajip,삼양점,서울특별시,강북구,서울특별시 강북구 삼양로54길 7,02-986-6337
119,cheogajip,동서변점,대구광역시,북구,대구광역시 북구 환성정길7,053-285-4005
120,cheogajip,화진점,경상북도,포항시,경상북도 포항시 북구 송라면 동해대로3218번길 35,054-256-8383
121,cheogajip,울릉도점,경상북도,울릉군,경상북도 울릉군 울릉읍 울릉순환로 212-21,054-791-6569
122,cheogajip,하단가락타운점,부산광역시,사하구,"부산광역시 사하구 동매로 35, 1층(하단동)",051-206-6108
123,cheogajip,산본역점,경기도,군포시,경기도 군포시 산본동 1142-6,031-391-5055
124,cheogajip,상남점,경상남도,창원시,경상남도 창원시 성산구 상남로 107 메종드테라스,055-262-0426
125,cheogajip,미조점,경상남도,남해군,경상남도 남해군 미조면 미조로236번길 25,055-867-1280
126,cheogajip,칠암점,경상남도,진주시,경상남도 진주시 진주대로856번길 5,055-758-0119
127,cheogajip,중앙여좌점,경상남도,창원시,경상남도 창원시 진해구 중원로 10,055-543-2474
128,cheogajip,진주혁신도시점,경상남도,진주시,경상남도 진주시 충의로 20-16,055-763-4868
129,cheogajip,나주점,전라남도,나주시,전라남도 나주시 나주천2길 72,061-332-9281
130,cheogajip,모라점,부산광역시,사상구,부산광역시 사상구 백양대로 906,051-312-9279
131,cheogajip,동남지구점,충청북도,청주시,충청북도 청주시 상당구 중고개로 104 309동,043-291-7773
132,cheogajip,치평점,광주광역시,서구,광주광역시 서구 상무대로 739,062-385-9282
133,cheogajip,상주점,경상남도,남해군,경상남도 남해군 상주면 남해대로 696,055-863-4743
134,cheogajip,관산내유점,경기,고양시,경기 고양시 덕양구 동헌로 3번길 3,031-964-9989
135,cheogajip,구월아시아드점,인천광역시,남동구,인천광역시 남동구 구월동 1542-2,032-471-9282
136,cheogajip,동천점,경기도,용인시,경기도 용인시 수지구 수풍로 117번길 2-6,031-261-4777
137,cheogajip,가락점,서울,송파구,서울 송파구 가락동 82-6,02-407-5050
138,cheogajip,도화점,인천광역시,미추홀구,인천광역시 미추홀구 숙골로 116,032-872-8892
139,cheogajip,위례역점,경기도,성남시,경기도 성남시 수정구 위례광장로 27,031-756-6888
140,cheogajip,매곡.삼각점,광주,북구,광주 북구 매곡로 63(매곡동),062-573-9282
141,cheogajip,염주점,광주,서구,광주 서구 염화로40번길 201-1,062-225-9282
142,cheogajip,장락점,충북,제천시,충북 제천시 용두천로 28가길 1 1층(장락동),043-645-0666
143,cheogajip,서판교점,경기,성남시,경기 성남시 분당구 운중로 129,070-4242-5566
144,cheogajip,송파장지점,서울,송파구,서울 송파구 새말로6길 24-33,02-407-6699
145,cheogajip,서귀포신시가지점,제주도,서귀포시,"제주도 서귀포시 서호중로 47, 지하1층",064-739-9279
146,cheogajip,오목교점,서울특별시,양천구,서울특별시 양천구 목동서로 291 1층 106-1호(신정동),02-2645-9982
147,cheogajip,팽성점,경기도,평택시,경기도 평택시 팽성읍 안정순환로 142,031-651-9939
148,cheogajip,위례중앙점,서울,송파구,서울 송파구 장지동 896,02-400-7288
149,cheogajip,성남점,울산광역시,중구,"울산광역시 중구 중앙길 118, 1층 (성남동)",052-245-7245
150,cheogajip,호평점,경기,남양주시,"경기 남양주시 늘을2로 96, 호평마을대주파크빌 상가 109호",031-591-9285
151,cheogajip,남면점,경상북도,김천시,경상북도 김천시 천동길 303-5,054-439-8809
152,cheogajip,죽도점,경상북도,포항시,경상북도 포항시 북구 대해로 15,054-281-5001
153,cheogajip,금장현곡점,경상북도,경주시,경상북도 경주시 현곡면 금장5길 34-15,054-772-9909
154,cheogajip,관음점,대구광역시,북구,대구광역시 북구 칠곡중앙대로 429,053-314-7811
155,cheogajip,이곡신당점,대구광역시,달서구,대구광역시 달서구 선원로37길 20,053-582-9282
156,cheogajip,동성로점,대구광역시,중구,대구광역시 중구 국채보상로123길 23,053-428-5010
157,cheogajip,유강점,경상북도,포항시,경상북도 포항시 남구 연일읍 유강길 17,054-277-5995
158,cheogajip,봉덕점,대구광역시,남구,대구광역시 남구 봉덕로21길 53-3,053-471-8249
159,cheogajip,노원점,대구광역시,북구,"대구광역시 북구 침산남로7길 50-21,상가동 103호",053-356-6161
160,cheogajip,동탄새강마을점,경기도,화성시,경기도 화성시 반송동 155-6,031-8003-9995
161,cheogajip,평택용이점,경기도,평택시,경기도 평택시 용이동 452-20,031-655-8919
162,cheogajip,구영점,울산광역시,울주군,울산광역시 울주군 범서읍 798-1 102호,052-212-9211
163,cheogajip,미사강변점,경기도,하남시,경기도 하남시 망월동 976-3,031-796-9997
164,cheogajip,오송점,충북,청주시,충북 청주시 흥덕구 오송읍 만수리 546,043-235-8292
165,cheogajip,외도하귀점,제주,제주시,"제주 제주시 우령서로 16, 1층",064-744-3404
166,cheogajip,킨텍스점,경기,고양시,경기 고양시 일산서구 킨텍스로 217-21,031-917-9249
167,cheogajip,연수2점,인천광역시,연수구,인천광역시 연수구 샘말로 87번길 7-6,032-811-6062
168,cheogajip,성복역점,경기도,용인시,경기도 용인시 수지구 성복2로 51 A동,031-889-9815
169,cheogajip,곤지암점,경기,광주시,경기 광주시 곤지암읍 평촌길 35-11,031-763-7856
170,cheogajip,강상점,경기도,양평군,경기도 양평군 강상면 강남로 913번길 1,031-771-3199
171,cheogajip,중산점,경기도,고양시,"경기도 고양시 일산동구 탄중로 311-16, 101호",031-915-0813
172,cheogajip,장곡점,경기도,시흥시,경기도 시흥시 장곡로 49번길 5-1.1층 101호(장곡동),031-506-0232
173,cheogajip,주촌신도시점,경상남도,김해시,"경상남도 김해시 주촌면 선천남로 13, 2층",055-329-9990
174,cheogajip,기산점,경기도,화성시,경기도 화성시 동탄지성로 410,031-239-4885
175,cheogajip,탄방점,대전광역시,서구,"대전광역시 서구 남선로 59번길 21, 1층",042-486-9289
176,cheogajip,제천본점,충북,제천시,충북 제천시 강제동 818번지 1층,043-648-0555
177,cheogajip,중동1호점,부산광역시,해운대구,"부산광역시 해운대구 좌동순환로 468번 가길 20, 1층(중동)",051-746-7978
178,cheogajip,구례점,전남,구례군,"전남 구례군 구례읍 중앙로 154,(1층)",061-783-9282
179,cheogajip,감전점,부산광역시,사상구,"부산광역시 사상구 새벽시장로103번길 24,1층(감전동)",051-326-8316
180,cheogajip,대연혁신점,부산광역시,남구,"부산광역시 남구 수영로325번길 61,301동 B107호 (대연동, 대연 롯데캐슬)",051-626-8114~5
181,cheogajip,연세대점,강원도,원주시,강원도 원주시 흥업면 매남동길 3-2 1층,033-763-0562
182,cheogajip,백령도점,인천광역시,옹진군,인천광역시 옹진군 백령면664-7,032-836-8282
183,cheogajip,금암점,충남,계룡시,충남 계룡시 장안1길 6 101호,042-551-1666
184,cheogajip,금호점,광주,서구,광주 서구 금화로73번길 18-9 1층(금호동),062-372-9281
185,cheogajip,완도점,전남,완도군,전남 완도군 완도읍 개포로 154-6,061-552-9283
186,cheogajip,옥길점,경기도,부천시,경기도 부천시 옥길동 715-6,032-343-9293
187,cheogajip,도당점,경기도,부천시,경기도 부천시 도당동43-8,032-671-0042
188,cheogajip,봉양점,충청북도,제천시,충청북도 제천시 제원로 2길 7,043-644-9592
189,cheogajip,가정점,인천광역시,서구,인천광역시 서구 가정동612-17,032-562-7100
190,cheogajip,세류점,경기도,수원시,경기도 수원시 권선구 세지로80,031-898-7444
191,cheogajip,도남시청점,제주시,신성로,제주시 신성로 19,064-727-1001
192,cheogajip,고운점,세종시,고운서길,세종시 고운서길 10,044-868-9592
193,cheogajip,소담점,세종시,국책연구원1로,"세종시 국책연구원1로 15, 상가A동 1층 102호",044-864-9282
194,cheogajip,고촌점,경기도,김포시,경기도 김포시 고촌읍 신곡리1160,031-996-8974
195,cheogajip,부평점,부산광역시,중구,"부산광역시 중구 흑교로 21번길 20 1층,(부평동4가)",051-255-0520
196,cheogajip,연제1호점,부산광역시,연제구,"부산광역시 연제구 고분로 236번길 5, 1층(연산동)",051-755-7003
197,cheogajip,무실점,강원도,원주시,강원도 원주시 시청로 11 1층 102호,033-743-9292
198,cheogajip,첨단점,광주,광산구,광주 광산구 첨단내촌로 66,062-973-9291
199,cheogajip,장흥점,전남,장흥군,전남 장흥군 장흥읍 동교로 40,061-862-8999
200,cheogajip,동산반월점,전북,전주시,전북 전주시 덕진구 쪽구름로 128(반월동),063-213-9280
201,cheogajip,송천점,전북,전주시,"전북 전주시 덕진구 붓내1길 10, 208동 2층 204(송천동2가)",063-273-9282
202,cheogajip,인후점,전북,전주시,"전북 전주시 덕진구 거북바우로 148, 1층(인후동2가)",063-245-9288
203,cheogajip,아라점,제주특별자치도,제주시,제주특별자치도 제주시 아란8길 16,064-724-3303
204,cheogajip,호암점,충청북도,충주시,충청북도 충주시 호암동1216,043-853-7001
205,cheogajip,보라점,경기도,용인시,경기도 용인시 기흥구 사은로84번길 10,031-287-0804
206,cheogajip,신월점,서울특별시,양천구,서울특별시 양천구 신월동 1057-1,02-2605-8614
207,cheogajip,창전점,경기도,이천시,경기도 이천시 창전동451-28,031-631-4950
208,cheogajip,천상점,울산광역시,울주군,"울산광역시 울주군 범서읍 천상길 6, 101호",052-910-9292
209,cheogajip,해도점,경상북도,포항시,경상북도 포항시 남구 해동로 16-1,054-272-0555
210,cheogajip,아중점,전북,전주시,전북 전주시 덕진구 석소로 9-6,063-244-9282
211,cheogajip,평화점,전북,전주시,전북 전주시 완산구 평화18길 23-10,063-221-9232
212,cheogajip,신시가지점,전북,전주시,전북 전주시 완산구 후곡길 23-9,063-222-9288
213,cheogajip,나주혁신점,전남,나주시,전남 나주시 배멧2길 39 로데오 빌딩 101호,061-336-9281
214,cheogajip,보성점,전라남도,보성군,전라남도 보성군 보성읍 주봉리 398,061-853-8592
215,cheogajip,서충주기업도시점,충북,충주시,충북 충주시 중앙탑면 원앙 9길 10 C동 1층 109호 (코아루 더 테라스상가),043-845-1030
216,cheogajip,단양점,충북,단양군,충북 단양군 단양읍 상진 13길 11,043-421-1236
217,cheogajip,간성점,강원도,고성군,강원도 고성군 간성읍 고성중앙 1길 13,033-681-0914
218,cheogajip,공주신관점,충청남도,공주시,"충청남도 공주시 신금2길 17, 1층 104호",041-853-9285
219,cheogajip,해운대좌동1호점,부산광역시,해운대구,"부산광역시 해운대구 좌동로 152,1층 157호(좌동, 신도시시장)",051-701-9292
220,cheogajip,민락코스트코점,경기,의정부시,"경기 의정부시 용민로 469 , 107호",031-851-5592
221,cheogajip,묵현점,경기,남양주시,경기 남양주시 화도읍 먹갓로 28번길 5,031-595-0081
222,cheogajip,인창점,경기,구리시,"경기 구리시 응달말로 51 , 107호",031-557-5592
223,cheogajip,사동계양점,경상북도,경산시,경상북도 경산시 원효로32길 10,053-813-4089
224,cheogajip,국우점,대구광역시,북구,대구광역시 북구 학남로 99 A동 102호,053-322-0099
225,cheogajip,용흥점,경상북도,포항시,경상북도 포항시 북구 새마을로 88 1층,054-253-9979
226,cheogajip,동천점,경상북도,경주시,경상북도 경주시 대안길 39-2,054-745-3379
227,cheogajip,호미지구점,충청북도,청주시,충청북도 청주시 상당구 수영로360,043-295-6600
228,cheogajip,낭월점,대전광역시,동구,대전광역시 동구 산내로1312,042-285-2999
229,cheogajip,장지점,경기도,광주시,경기도 광주시 순암로55,031-767-0522
230,cheogajip,연지점,부산광역시,부산진구,부산광역시 부산진구 성지로 93(초읍동),051-819-8292
231,cheogajip,영등포점,서울특별시,영등포구,서울특별시 영등포구 영등포동7가 203외2필지,02-2675-7377
232,cheogajip,신창점,충청남도,아산시,충청남도 아산시 신창면 행목로217,041-545-9989
233,cheogajip,용호메트로점,부산광역시,남구,"부산광역시 남구 신선로 566,401동 154호",051-628-9290
234,cheogajip,한숲시티점,경기도,용인시,경기도 용인시 처인구 남사면 한숲로 45,031-335-6661
235,cheogajip,신길점,서울특별시,영등포구,서울특별시 영등포구 여의대방로53길 29,02-832-9227
236,cheogajip,토당점,경기도,고양시,경기도 고양시 덕양구 토당로125,031-971-0311
237,cheogajip,평택역점,경기도,평택시,경기도 평택시 평택동 292,031-652-9285
238,cheogajip,서귀포점,서귀포시,서문로,서귀포시 서문로 49,064-763-9982
239,cheogajip,제주삼양점,제주시,일주동로,제주시 일주동로 378,064-727-9991
240,cheogajip,세화점,제주시,구좌읍,제주시 구좌읍 구좌로34,064-784-0130
241,cheogajip,이도점,제주시,승천로89,제주시 승천로89,064-727-6868
242,cheogajip,제주연동점,제주시,사장2길31,제주시 사장2길31,064-742-7792
243,cheogajip,용담점,제주시,용문로,제주시 용문로 162,064-712-5006
244,cheogajip,범일점,부산광역시,동구,부산광역시 동구 범상로 23 (범일동),051-636-1923
245,cheogajip,성내점,서울특별시,강동구,서울특별시 강동구 성내동 434-6,02-482-9992
246,cheogajip,서면1호점,부산광역시,부산진구,"부산광역시 부산진구 새싹로 41-1 , 1층(부전동",051-802-9250
247,cheogajip,세마점,경기도,오산시,경기도 오산시 양산동 673-3,031-373-9212
248,cheogajip,일도점,제주특별자치도,제주시,제주특별자치도 제주시 일도2동 402-26,064-723-7075
249,cheogajip,성성점,충청남도,천안시,충청남도 천안시 서북구 성성9로 7,041-621-1117
250,cheogajip,생초점,경상남도,산청군,경상남도 산청군 생초면 새실로3,055-973-7702
251,cheogajip,서산시청점,충청남도,서산시,충청남도 서산시 고운로142,041-668-1788
252,cheogajip,원당점,인천광역시,서구,인천광역시 서구 고산후로121번길 15,032-562-4555
253,cheogajip,상암점,서울특별시,마포구,서울특별시 마포구 성암로79,02-374-9374
254,cheogajip,도봉점,서울특별시,도봉구,서울특별시 도봉구 마들로28길 58,02-3491-9282
255,cheogajip,파장점,경기도,수원시,경기도 수원시 장안구 파장천로 6,031-245-8818
256,cheogajip,송악점,충청남도,당진시,충청남도 당진시 송악읍 송악로 699,041-356-9233
257,cheogajip,중산점,울산광역시,북구,"울산광역시 북구 중산로 7, 지상1층 (중산동)",052-291-3005
258,cheogajip,청천점,충청북도,괴산군,충청북도 괴산군 청천면 청천2길 5,043-832-1986
259,cheogajip,상도터미널점,경상북도,포항시,경상북도 포항시 남구 중흥로100번길 10,054-262-5001
260,cheogajip,노형점,제주특별자치도,제주시,제주특별자치도 제주시 월랑북길10,064-742-3330
261,cheogajip,광명역점,경기도,광명시,경기도 광명시 일직로12번길 19,02-899-9939
262,cheogajip,중계본동점,서울특별시,노원구,서울특별시 노원구 중계로14길 29 (중계동),070-7543-5347
263,cheogajip,북아현점,서울특별시,서대문구,서울특별시 서대문구 경기대로9길 81 (충정로 3가),02-364-9282
264,cheogajip,홍제점,서울특별시,서대문구,서울특별시 서대문구 통일로39가길 57,02-396-2560
265,cheogajip,안암점,서울특별시,성북구,서울특별시 성북구 고려대로13길 43,02-929-2975
266,cheogajip,상계점,서울특별시,노원구,서울특별시 노원구 상계로23다길 5,02-951-2367
267,cheogajip,증산점,경남,양산시,경남 양산시 물금읍 새실2길 13,055-383-9242
268,cheogajip,옥산점,경상북도,경산시,경상북도 경산시 성암로 7길 8 A동  105호,054-812-9211
269,cheogajip,이동점,경상북도,포항시,"경상북도 포항시 남구 대이로 145, 102호",054-275-2922
270,cheogajip,공성점,경상북도,상주시,경상북도 상주시 공성면 산현1길 34-3,054-533-8999
271,cheogajip,당북점,경상북도,안동시,경상북도 안동시 배움길 52 1층,054-856-2468
272,cheogajip,월포점,경상북도,포항시,경상북도 포항시 북구 청하면 해안로 2308번길 67,054-232-4747
273,cheogajip,유천오류점,대전광역시,중구,대전광역시 중구 계백로 1603번길 28-6 1층(유천동),042-523-0077
274,cheogajip,운양점,경기도,김포시,경기도 김포시 김포한강11로 38,031-987-1089
275,cheogajip,교동점,경남,양산시,경남 양산시 교동 245-2  협성강변타운 제상가 104동 101호,055-382-1772
276,cheogajip,송도점,부산광역시,서구,"부산광역시 서구 충무대로 34, 상가동 2층 2-2호",051-241-3066
277,cheogajip,용마산점,서울특별시,중랑구,서울특별시 중랑구 용마산로109길 24 (망우동),02-494-7878
278,cheogajip,장안점,서울특별시,동대문구,서울특별시 동대문구 답십리로68길 67,02-2217-0011
279,cheogajip,새솔점,경기도,화성시,경기도 화성시 수노을2로 36,031-355-5190
280,cheogajip,대림동산점,경기도,안성시,경기도 안성시 공도읍 대림동산길55,031-618-9977
281,cheogajip,강일점,서울특별시,강동구,서울특별시 강동구 강일동 676-1,02-429-8999
282,cheogajip,삼학점,전남,목포시,"전남 목포시 둥근섬로 54번길 14, 1층(산정동)",061-242-9282
283,cheogajip,명지오션시티점,부산광역시,강서구,"부산광역시 강서구 명지오션시티10로 114,",051-294-0399
284,cheogajip,서대신점,부산광역시,서구,부산광역시 서구 대영로38번길 11(서대신동1가),051-246-4988
285,cheogajip,김량장점,경기도,용인시,경기도 용인시 처인구 김량장동 295-1,031-338-8892
286,cheogajip,내외점,경상남도,김해시,경상남도 김해시 우암로 109-1 (내동),055-334-9288
287,cheogajip,내손갈뫼점,경기도,의왕시,경기도 의왕시 내손동 741-1,031-424-8280
288,cheogajip,고림점,경기도,용인시,경기도 용인시 처인구 고림동 1005,031-322-9980
289,cheogajip,정관방곡점,부산광역시,기장군,"부산광역시 기장군 정관읍 방곡3로 18-1 , 1층",051-727-6076
290,cheogajip,수원정자점,경기도,수원시,경기도 수원시 장안구 정자동 874-1,031-269-1001
291,cheogajip,등촌역점,서울특별시,양천구,서울특별시 양천구 목동 960,02-2644-2929
292,cheogajip,포승점,경기도,평택시,경기도 평택시 포승읍 여술로74,031-682-6564
293,cheogajip,인천논현2점,인천광역시,남동구,인천광역시 남동구 논현동 593-8,032-427-5585
294,cheogajip,역북점,경기도,용인시,경기도 용인시 처인구 명지로 40번길 9,031-338-9666
295,cheogajip,충무로점,서울특별시,중구,서울특별시 중구 퇴계로 179-1,02-2285-3685
296,cheogajip,신촌점,서울특별시,서대문구,서울특별시 서대문구 성산로22길36,02-3141-1367
297,cheogajip,창우점,경기도,하남시,경기도 하남시 대청로119-1,031-795-9253
298,cheogajip,미사역점,경기도,하남시,경기도 하남시 미사강변중앙로173,031-792-9344
299,cheogajip,신성자운점,대전,유성구,"대전 유성구 신성로77, 1층 (신성동)",042-867-7778
300,cheogajip,횡성점,강원도,횡성군,강원도 횡성군 횡성읍 읍마북로 13,033-343-7773
301,cheogajip,영월점,강원도,영월군,강원도 영월군 영월읍 은행나무5길 41,033-372-9333
302,cheogajip,송지호점,강원도,고성군,강원도 고성군 오호길 18,033-638-5525
303,cheogajip,봉평점,강원도,평창군,강원도 평창군 봉평면 기풍로 162,033-334-7111
304,cheogajip,반곡혁신점,강원도,원주시,강원도 원주시 양지로 160-2(반곡동),033-746-0909
305,cheogajip,문막점,강원도,원주시,강원도 원주시 문막읍 문막시장 1길 35,033-735-9860
306,cheogajip,케이준 철산한신점,경기도,광명시,경기도 광명시 철망산로 87,02-2611-0199
307,cheogajip,케이준 원곡점,경기도,안산시,경기도 안산시 단원구 지곡로1안길 12,031-494-8242
308,cheogajip,오포점,경기도,광주시,경기도 광주시 오포읍 양벌로 315,031-765-9989
309,cheogajip,케이준 소하점,경기도,광명시,경기도 광명시 성채안로 26,02-897-9245
310,cheogajip,케이준 부천상동점,경기도,부천시,경기도 부천시 상동 559-3,032-321-9282
311,cheogajip,케이준 부림점,경기도,안양시,경기도 안양시 동안구 부림로 171,031-382-8292
312,cheogajip,케이준 본오점,경기도,안산시,경기도 안산시 상록구 본오동 827-8,031-406-9235
313,cheogajip,동백점,경기도,용인시,경기도 용인시 기흥구 동백3로 11번길 12,031-274-9299
314,cheogajip,초월점,경기도,광주시,경기도 광주시 초월읍 대쌍령리 191-6,031-766-1578
315,cheogajip,오천점,경기도,이천시,경기도 이천시 마장면 오천리 297-5,031-632-4543
316,cheogajip,안산사동점,경기도,안산시,경기도 안산시 상록구 사동 1397-1,031-416-9982
317,cheogajip,연산로터리점,부산광역시,연제구,부산광역시 연제구 월드컵대로 109 1층(연산동),051-852-8292
318,cheogajip,약대점,경기도,부천시,경기도 부천시 약대동 216-1,032-321-9289
319,cheogajip,삼정점,경상남도,김해시,"경상남도 김해시 활천로 36번길 46, 1층(삼정동)",055-331-5533
320,cheogajip,역곡점,경기도,부천시,경기도 부천시 안곡로 279번길 42,032-347-9288
321,cheogajip,반월점,경기도,안산시,경기도 안산시 상록구 창말1길 21,031-437-1153
322,cheogajip,운서점,인천광역시,중구,인천광역시 중구 신도시남로 66,032-751-0070
323,cheogajip,월곡점,서울특별시,성북구,서울특별시 성북구 오패산로46,02-358-1122
324,cheogajip,왕십리점,서울특별시,성동구,서울특별시 성동구 마장로23길 7,02-6084-9283
325,cheogajip,이문점,서울특별시,동대문구,서울특별시 동대문구 신이문로23길 23,02-964-0132
326,cheogajip,독산2점,서울특별시,금천구,서울특별시 금천구 시흥대로 90길 32-8,02-892-7770
327,cheogajip,도안가수원점,대전광역시,서구,대전광역시 서구 가수원동 913,042-542-9283
328,cheogajip,두호점,경상북도,포항시,경상북도 포항시 북구 새천년대로1076번길 21 효암빌딩1층,054-251-9933
329,cheogajip,숭의점,인천광역시,미추홀구,인천광역시 미추홀구 장천로 80,032-888-0977
330,cheogajip,오태북삼점,경상북도,구미시,"경상북도 구미시 금오대로14길 32, 102호",054-464-7006
331,cheogajip,인천갈산점,인천광역시,부평구,인천광역시 부평구 주부토로 172번길 34 (갈산동),032-515-3557
332,cheogajip,삼천점,전북,전주시,"전북 전주시 완산구 삼천천변1길 17, 101호(삼천동1가)",063-211-9282
333,cheogajip,갈현점,서울특별시,은평구,"서울특별시 은평구 갈현로 236, 1층 좌측호(갈현동)",02-384-7171
334,cheogajip,효창점,서울특별시,용산구,서울특별시 용산구 백범로77길 14 (원효로 1가),02-703-9271
335,cheogajip,구의자양점,서울특별시,광진구,서울특별시 광진구 화양동 467-1,02-456-9282
336,cheogajip,율전점,경기도,수원시,경기도 수원시 장안구 율전동 360-9,031-295-9282
337,cheogajip,송도2점,인천광역시,연수구,인천광역시 연수구 송도문화로 28번길 28 (송도동),032-816-7282
338,cheogajip,남원점,전북,남원시,"전북 남원시 용성로 207,상가동1층 114호(도통동)",063-635-9282
339,cheogajip,센텀점,부산광역시,해운대구,"부산광역시 해운대구 센텀중앙로 145, 상가3동 1층 103호(재송동,더샵센텀파크1차아파트)",051-741-8282
340,cheogajip,남외점,울산광역시,중구,"울산광역시 중구 구교로 260, 지상1층(남외동)",052-298-9288
341,cheogajip,대현점,대구광역시,북구,대구광역시 북구 대현로 118,053-955-9288
342,cheogajip,울산대점,울산광역시,남구,"울산광역시 남구 대학로 94번길 6, 1층(무거동)",052-277-2633
343,cheogajip,수암점,울산광역시,남구,울산광역시 남구 중앙로 38(야음동),052-277-9200
344,cheogajip,상록점,경기도,안산시,경기도 안산시 상록구 서암로4길 20-1 (사동),031-406-8300
345,cheogajip,죽전점,경기도,용인시,경기도 용인시 수지구 현암로76,031-896-8607
346,cheogajip,괴정샘터점,부산광역시,사하구,"부산광역시 사하구 낙동대로 233번길 59, 1층(괴정동)",051-201-2891
347,cheogajip,월성점,대구광역시,달서구,대구광역시 달서구 월성동 84-5 월성주공1단지 나동 103호,053-638-8979
348,cheogajip,고잔점,경기도,안산시,경기도 안산시 단원구 고잔동 696-3,031-485-9277
349,cheogajip,고령덕곡점,경북,고령군,경북 고령군 덕곡면 덕운로 586,054-956-2731
350,cheogajip,고성점,대구광역시,북구,대구광역시 북구 고성북로3 101동 1층 4호,053-352-1225
351,cheogajip,복현점,대구광역시,북구,대구광역시 북구 복현2동 134-2,053-382-9279
352,cheogajip,수안점,부산광역시,동래구,"부산광역시 동래구 충렬대로218번길 26, 비동 1층(수안동)",051-558-9989
353,cheogajip,오전점,경기도,의왕시,"경기도 의왕시 등칙골4길 14, 1층 103호(오전동)",031-453-9221
354,cheogajip,남항점,부산광역시,영도구,"부산광역시 영도구 남항로19번길 38, 1층(남항동1가)",051-417-9992
355,cheogajip,화정점,울산광역시,동구,울산광역시 동구 대송8길 31(화정동),052-922-4068
356,cheogajip,청북점,경기도,평택시,경기도 평택시 청북읍 안청로4길 42,031-683-1177
357,cheogajip,오산운암점,경기도,오산시,경기도 오산시 원동로6 (원동),031-378-0987
358,cheogajip,팔판점,경상남도,김해시,"경상남도 김해시 계동로23번길 5, 1층 111호(관동동, 대우프라자)",055-313-8255
359,cheogajip,망양점,울산광역시,울주군,울산광역시 울주군 온양읍 덕망로 270,052-239-9999
360,cheogajip,우정점,울산광역시,중구,울산광역시 중구 우암길 1(우정동),052-212-9909
361,cheogajip,와동점,경기도,안산시,경기도 안산시 단원구 화정천동로 2안길 28,031-482-9281
362,cheogajip,선암점,울산광역시,남구,"울산광역시 남구 두왕로 174번길 35-1, 1층(선암동)",052-258-9394
363,cheogajip,대화점,경기,고양시,"경기 고양시 일산서구 강성로 271 (대화동,대화씨티빌 101호)",031-911-3856
364,cheogajip,갈매점,경기도,구리시,경기도 구리시 갈매중앙로 81-6 (더오페라프라자 202호),031-527-9258
365,cheogajip,신주례점,부산광역시,사상구,부산광역시 사상구 백양대로 500번길 1,051-315-9992
366,cheogajip,서창2점,인천광역시,남동구,인천광역시 남동구 서창남로 51,032-465-5506
367,cheogajip,진주신평점,경남,진주시,"경남 진주시 신평공원길 25번길 8-4,1층",055-741-7979
368,cheogajip,봉곡사림점,경남,창원시,"경남 창원시 의창구 봉곡로 50,1층(봉곡동)",055-277-8295
369,cheogajip,옥정1호점,경기도,양주시,경기도 양주시 옥정동로 173 레이크프라자 107호,031-868-9293
370,cheogajip,인천장기점,인천광역시,계양구,인천광역시 계양구 장기로 29 (장기동),032-556-5678
371,cheogajip,구로점,서울특별시,구로구,서울특별시 구로구 구로동로 213,02-868-1089
372,cheogajip,헬리오시티점,서울특별시,송파구,서울특별시 송파구 가락로 16길 2-26 (석촌동),02-423-9281
373,cheogajip,남동탄점,경기도,화성시,경기도 화성시 동탄대로4길95 (장지동),031-376-4492
374,cheogajip,구서점,부산광역시,금정구,"부산광역시 금정구 금강로 563, 1층(구서동)",051-582-9279
375,cheogajip,명지국제신도시점,부산광역시,강서구,"부산광역시 강서구 명지국제5로 14, 1층 101호(명지동, 서진빌딩)",051-968-7888
376,cheogajip,평창점,강원도,평창군,강원도 평창군 평창읍 백오1길 33,033-333-0009
377,cheogajip,여주교동점,경기도,여주시,경기도 여주시 세종로 254-16 (교동),031-881-3799
378,cheogajip,도원점,대구광역시,달서구,대구광역시 달서구 도원남로56 산새마을 분산상가 1층 103호,053-641-0041
379,cheogajip,장산역점,부산광역시,해운대구,"부산광역시 해운대구 세실로 7, 104호(좌동, 해운대상록아파트상가)",051-703-0678
380,cheogajip,구남역점,부산광역시,북구,부산광역시 북구 백양대로 1015번길 15(구포동),051-335-7766
381,cheogajip,이천점,경기도,이천시,경기도 이천시 관고동 12-4,031-633-1823
382,cheogajip,부곡점,부산광역시,금정구,부산광역시 금정구 동현로 23(부곡동),051-581-7890
383,cheogajip,석산점,경상남도,양산시,경상남도 양산시 동면 금오7길 24,055-363-9911
384,cheogajip,문현1동점,부산광역시,남구,"부산광역시 남구 고동골로 66, 1층(문현동)",051-624-9875
385,cheogajip,통진점,경기도,김포시,경기도 김포시 통진읍 서암로6번길 5-21,031-996-8295
386,cheogajip,상동점,경남,거제시,경남 거제시 거제중앙로3길 14-2(상동동),055-635-9290
387,cheogajip,소사벌점,경기도,평택시,경기도 평택시 비전동 1053,031-656-8292
388,cheogajip,동탄중앙점,경기도,화성시,경기도 화성시 동탄산척로 2나길 6-7 (산척동),031-375-8292
389,cheogajip,항구영일대점,경상북도,포항시,경상북도 포항시 북구 아호로 3,054-253-9996
390,cheogajip,반야월점,대구광역시,동구,대구광역시 동구 안심로41길 47,053-964-0797
391,cheogajip,테크노폴리스점,대구광역시,달성군,대구광역시 달성군 유가읍 테크노중앙대로 326-35,053-611-6265
392,cheogajip,비전점,경기도,평택시,경기도 평택시 중앙로235 (비전동),031-658-9989
393,cheogajip,능곡점,경기도,시흥시,경기도 시흥시 능곡중앙로77,031-404-0123
394,cheogajip,비산점,경기도,안양시,경기도 안양시 동안구 평촌대로408 (비산동),031-387-1112
395,cheogajip,부곡점,경기도,의왕시,경기도 의왕시 삼동 150-16,031-462-9233
396,cheogajip,홍성점,충남,홍성군,충남 홍성군 홍성읍 문화로 74,041-633-9982
397,cheogajip,율량사천점,충북,청주시,충북 청주시 청원구 율량로190번길19,043-903-0991
398,cheogajip,증평점,충북,증평군,충북 증평군 증평읍 문화로83,043-838-8977
399,cheogajip,송강테크로점,대전시,유성구,대전시 유성구 구즉로48번길10,042-935-9294
400,cheogajip,몰운대롯데캐슬점,부산광역시,사하구,"부산광역시 사하구 다대낙조2길 100, 101호(다대동,롯데캐슬몰운대아파트부상가)",051-262-9252
401,cheogajip,대구옥포돌미점,대구시,달성군,대구시 달성군 옥포면 돌미상업로2길 26,053-615-9986
402,cheogajip,영양점,경상북도,영양군,경상북도 영양군 영양읍 중앙로 111,054-682-1950
403,cheogajip,배곧점,경기도,시흥시,경기도 시흥시 정왕동 2476-2,031-432-9998
404,cheogajip,광주점,경기도,광주시,경기도 광주시 송정동111-1,031-761-2274
405,cheogajip,신하점,경기도,이천시,경기도 이천시 부발읍 신하리 432-15,031-636-8726
406,cheogajip,관양점,경기도,안양시,경기도 안양시 동안구 관양동 1423,031-425-5211
407,cheogajip,중동점,경기도,부천시,경기도 부천시 원미구 부흥로 272번길 22,032-321-7636
408,cheogajip,조암점,경기도,화성시,경기도 화성시 장안면 기아자동차로 789 103호,031-358-3392
409,cheogajip,일죽점,경기도,안성시,경기도 안성시 일죽면 송천리 28-4,031-672-9385
410,cheogajip,인계점,경기도,수원시,경기도 수원시 팔달구 인계동 1008-9,031-232-7234
411,cheogajip,이천사동점,경기도,이천시,경기도 이천시 대월면 사동리 182-2,031-638-9013
412,cheogajip,은행점,경기도,시흥시,"경기도 시흥시 시흥대로 1074번길 28,106호(은행동, 녹원아파트 상가동)",031-312-9999
413,cheogajip,월곶점,경기도,시흥시,경기도 시흥시 월곶동 995,031-318-9292
414,cheogajip,우만점,경기도,수원시,경기도 수원시 팔달구 세지로421번길 37 (우만동),031-256-0903
415,cheogajip,호법점,경기도,이천시,경기도 이천시 호법면 후안리 267-4,031-632-9949
416,cheogajip,하안8점,경기도,광명시,경기도 광명시 하안동 260-2 8단지상가 104-2,02-802-4070
417,cheogajip,하안12점,경기도,광명시,경기도 광명시 하안동 62-4  1층 3호,02-806-5772
418,cheogajip,하안11점,경기도,광명시,경기도 광명시 하안동 30-5  10 단지상가  104,02-803-2993
419,cheogajip,포일내손점,경기도,의왕시,경기도 의왕시 내손동652-15,031-425-1145
420,cheogajip,포도원,경기도,안양시,경기도 안양시 동안구 호계3동 811 현대홈타운상가 107,031-452-0827
421,cheogajip,평촌5점,경기도,안양시,경기도 안양시 동안구 평촌동 898-2 초원아파트상가110,031-387-2134
422,cheogajip,태전점,경기도,광주시,경기도 광주시 태전동 688-1,031-762-9525
423,cheogajip,철산점,경기도,광명시,경기도 광명시 철산동 240  주공13단지 상가동,02-2682-3230
424,cheogajip,천리점,경기도,용인시,경기도 용인시 이동면 천리 56-6,031-333-5784
425,cheogajip,중앙대,경기도,안성시,경기도 안성시 대덕면 내리 682-3,031-675-7750
426,cheogajip,안양중앙점,경기,안양시,경기 안양시 만안구 삼덕로 80-1 (안양동) 1층,031-444-5592
427,cheogajip,안양2점,경기도,안양시,경기도 안양시 만안구 안양동 873-162,031-447-9292
428,cheogajip,안성점,경기도,안성시,경기도 안성시 도기 4길 9(도기동),031-671-9282
429,cheogajip,신천리점,경기도,시흥시,경기도 시흥시 호현로49번안길 1(대야동),031-312-9709
430,cheogajip,신갈점,경기도,용인시,경기도 용인시 기흥구 신구로 38 청솔학원,031-274-5060
431,cheogajip,소사점,경기도,부천시,"경기도 부천시 소사구 소사로202번길 27, 1층(소사본동)",032-325-8787
432,cheogajip,성포점,경기도,안산시,경기도 안산시 상록구 성포동 592-2,031-487-8900
433,cheogajip,석수엘지점,경기도,안양시,경기도 안양시 만안구 석수동 415-2 엘지빌리지 상가,031-474-5592
434,cheogajip,샘마을점,경기도,안양시,경기도 안양시 동안구 호계동 1116 샘마을상가 1층,031-453-9992
435,cheogajip,삼보점,경기도,시흥시,경기도 시흥시 대야동 275 삼보상가 1층 1호,031-314-6871
436,cheogajip,산본점,경기도,군포시,경기도 군포시 산본동 1069-3 (1층),031-393-9282
437,cheogajip,북내점,경기도,여주시,경기도 여주시 북내면 여양2로 274,031-883-5320
438,cheogajip,케이준 부곡점,경기도,안산시,경기도 안산시 상록구 성호로 340,031-406-9979
439,cheogajip,보정점,경기도,용인시,"경기도 용인시 기흥구 죽현로 8-20 130(보정동,아이원프라자)",031-272-9259
440,cheogajip,범계점,경기도,안양,경기도 안양 동안 비산 1102 관악타운 상가122,031-381-8238
441,cheogajip,백암점,경기도,용인시,경기도 용인시 처인구 백암면 백암리 391번지,031-321-9282
442,cheogajip,백사점,경기도,이천시,경기도 이천시 백사면 현방리 67-12,031-632-0746
443,cheogajip,박달점,경기도,안양시,경기도 안양시 만안구 박달동 149-1,031-468-3392
444,cheogajip,미양점,경기도,안성시,경기도 안성시 미양면 보체리 405 상가 501동 101호,031-675-9258
445,cheogajip,모현점,경기도,용인시,경기도 용인시 처인구 모현면 일산리112-82,031-333-9952
446,cheogajip,만선점,경기도,광주시,경기도 광주시 곤지암읍 만선로 45,031-798-5525
447,cheogajip,둔전점,경기도,용인시,경기도 용인시 처인구 포곡읍 포곡로 118번길 24-11,031-334-7292
448,cheogajip,능평점,경기도,광주시,경기도 광주시 오포읍 수레실길 5,031-726-9253
449,cheogajip,금정점,경기도,군포시,경기도 군포시 금정동 79-1 1층,031-458-3888
450,cheogajip,군포점,경기도,군포시,경기도 군포시 당동 914-5번지,031-392-9295
451,cheogajip,구성점,경기도,용인시,"경기도 용인시 기흥구 구성로 186(언남동, 신일푸른솔아파트단지내 1층",031-274-9282
452,cheogajip,공도점,경기도,안성시,경기도 안성시 공도읍 고무다리길 3,031-658-9280
453,cheogajip,거모점,경기도,시흥시,경기도 시흥시 군자로504번안길 12(거모동),031-508-3398
454,cheogajip,갈산점,경기도,이천시,경기도 이천시 갈산로 87번길 4(갈산동),031-635-3792
455,cheogajip,가남점,경기도,여주시,경기도 여주시 가남읍 태평중앙1길 8-10,031-884-7718
456,cheogajip,한솔새롬점,세종시,누리로28,세종시 누리로28,044-862-9283
457,cheogajip,금정산SK점,부산광역시,금정구,"부산광역시 금정구 식물원로 82, 302동 201호(장전동, 금정에스케이뷰)",051-514-0123
458,cheogajip,평촌2점,경기도,안양시,경기도 안양시 동안구 평촌대로127번길 38,031-385-9288
459,cheogajip,목감점,경기도,시흥시,경기도 시흥시 목감중앙서로20 시흥목감엘에이치 7단지,031-414-0056
460,cheogajip,시화3점,경기도,시흥시,"경기도 시흥시 정왕대로28번길 31 , 110(정왕동)",031-433-1457
461,cheogajip,시화2점,경기도,시흥시,"경기도 시흥시 옥구천서로373번길 43, 104호(정왕동, 주공1단지분산상가)",031-433-8292
462,cheogajip,신라대점,부산광역시,사상구,"부산광역시 사상구 백양대로 703, A동(덕포동)",051-304-9282
463,cheogajip,정관롯데캐슬점,부산광역시,기장군,"부산광역시 기장군 정관읍 정관3로 52, 상가동 101호(롯데캐슬)",051-728-5595
464,cheogajip,호계2점,경기도,안양시,경기도 안양시 동안구 호계동 912-2,031-457-1288
465,cheogajip,향남2점,경기도,화성시,경기도 화성시 향남읍 신광길 19. 102호,031-352-5464
466,cheogajip,신림역점,서울특별시,관악구,"서울특별시 관악구 신림동길 40, 101(신림동)",02-871-8588
467,cheogajip,동삭점,경기도,평택시,"경기도 평택시 동삭로 397 상가동 104,105호",031-652-5092
468,cheogajip,길동점,서울시,강동구,서울시 강동구 길동 351-7,02-470-2933
469,cheogajip,괴안점,경기도,부천시,경기도 부천시 소사 괴안동 89-1,032-347-5661
470,cheogajip,덕진하가점,전북,전주시,전북 전주시 덕진구 가리내5길 16 103호(덕진동2가),050-4308-7522
471,cheogajip,안동삼안점,경상남도,김해시,경상남도 김해시 삼안로 131번길 8-4(삼방동),055-337-7439
472,cheogajip,산하1호점,울산광역시,북구,"울산광역시 북구 화암6길 14, 1층 101호(산하동)",052-282-3569
473,cheogajip,부곡월산점,경상남도,김해시,"경상남도 김해시 월산로 111-67,1 1층 105호(부곡동, 신화프라자)",055-335-2288
474,cheogajip,괘법한신점,부산광역시,사상구,"부산광역시 사상구 광장로 37번길 82, 1층(괘법동,대동래미안)",051-316-9292
475,cheogajip,아주점,경남,거제시,"경남 거제시 아주1로1길 7-2,1층(아주동)",055-682-7575
476,cheogajip,오동동점,경남,창원시,경남 창원시 마산합포구 오동동10길 15(오동동),055-246-8086
477,cheogajip,대소점,충북,음성군,충북 음성군 대소면 오태로 75-1,043-882-5592
478,cheogajip,대도점,경상북도,포항시,경상북도 포항시 남구 상대로 142,054-277-8892
479,cheogajip,진천장관점,충북,진천군,충북 진천군 진천읍 장관2길 139-1,043-533-1355
480,cheogajip,삼성2점,대전,동구,대전 동구 현암로 36,042-621-1504
481,cheogajip,삼성점,충북,음성군,충북 음성군 삼성면 덕정로62번길 2,043-877-3377
482,cheogajip,무극점,충북,음성군,충북 음성군 금왕읍 무극로 234,043-878-5284
483,cheogajip,경산남산점,경북,경산시,경북 경산시 남산면 산양길 9,053-851-5999
484,cheogajip,계백점,대전시,중구,대전시 중구 문화로90,042-582-5994
485,cheogajip,원성점,충남,천안시,충남 천안시 동남구 버들로127,041-567-9979
486,cheogajip,가양점,서울,강서,서울 강서 가양 1475 강변아파트상가 203,02-2668-9306
487,cheogajip,방화점,서울특별시,강서구,"서울특별시 강서구 방화대로33길 17 (방화동,1층)",02-2064-7670
488,cheogajip,신풍역점,서울특별시,영등포구,"서울특별시 영등포구 신길로 108(신길동,남서울 아파트상가.신길동3591)",02-842-7979
489,cheogajip,신대방,서울시,동작구,서울시 동작구 대방동 409-10,02-812-0085
490,cheogajip,암사점,서울,강동구,서울 강동구 암사동 425-197번지,02-427-9255
491,cheogajip,풍납점,서울,송파구,서울 송파구 풍납동 392번지,02-473-9927
492,cheogajip,송파점,서울,송파구,서울 송파구 송파동 135-18 102호,02-419-4734
493,cheogajip,문정점,서울,송파구,서울 송파구 문정동 29,02-403-9761
494,cheogajip,일원점,서울시,강남,서울시 강남 일원 682-7 1층,02-3411-0166
495,cheogajip,삼전점,서울시,송파,서울시 송파 삼전 167-17,02-419-5544
496,cheogajip,신천점,서울시,송파,서울시 송파 잠실 185-9,02-423-5183
497,cheogajip,압구정점,서울,강남구,서울 강남구 신사동 653-15번지 2층,02-545-1027
498,cheogajip,잠원점,서울,서초구,서울 서초구 잠원동 53번지 현대상사 1층 6호,02-592-2244
499,cheogajip,방배점,서울,서초구,서울 서초구 방배동 868-28번지,02-594-6866
500,cheogajip,양재점,서울,서초구,서울 서초구 양재동 6-37번지,02-576-9204
501,cheogajip,대치점,서울,강남구,서울 강남구 대치동 922-14번지,02-562-9282
502,cheogajip,서초점,서울,서초구,서울 서초구 서초동 1342번지,02-522-9272
503,cheogajip,역삼점,서울,강남구,서울 강남구 역삼동 782-28번지,02-553-7749
504,cheogajip,논현점,서울,강남구,서울 강남구 논현동 192-1번지,02-517-4178
505,cheogajip,여의도점,서울시,영등포구,서울시 영등포구 여의도동50 시범상가 ,02-782-0520
506,cheogajip,대방점,서울,동작구,서울 동작구 대방동 11-51,02-817-7979
507,cheogajip,장승배기점,서울,동작,서울 동작 상도 373-72번지,02-816-7007
508,cheogajip,봉천점,서울,관악구,서울 관악구 봉천동 885-1번지,02-877-1122
509,cheogajip,행운점,서울,관악구,서울 관악구 행운동 66-117번지,050-7744-5257
510,cheogajip,화곡역점,서울특별시,강서구,서울특별시 강서구 화곡동 1062-20 2층,02-2699-3392
511,cheogajip,신정1점,서울특별시,양천구,"서울특별시 양천구 은행정로 5길 28,1층 102호(신정동)",02-2651-9282
512,cheogajip,신도림점,서울시,구로구,서울시 구로구 신도림동 396 - 140,02-2632-6612
513,cheogajip,신정7점,서울특별시,양천구,서울특별시 양천구 신정동 203-1,02-2648-5191
514,cheogajip,당산점,서울,영등포구,서울 영등포구 당산동1가 378번지,02-2678-9282
515,cheogajip,대림점,서울시,영등포구,서울시 영등포구 대림동 1027-16,02-834-3042
516,cheogajip,구로가산점,서울,구로구,서울 구로구 구로동 792-22번지,02-853-0808
517,cheogajip,독산점,서울시,금천구,서울시 금천구 독산 179-12,02-853-7714
518,cheogajip,시흥점,서울시,금천구,서울시 금천구 시흥동 887-24,02-807-6618
519,cheogajip,원종점,경기도,부천시,경기도 부천시 원종동 382-7,032-675-4578
520,cheogajip,목동점,서울특별시,양천구,"서울특별시 양천구 목동중앙서로 40 (목동,1층)",02-2061-9292
521,cheogajip,사당점,동작구,사당동,동작구 사당동 312-9번지,02-588-9293
522,cheogajip,동방점,서울시,관악,서울시 관악 신림 246-23,02-871-6111
523,cheogajip,신림점,서울시,관악구,서울시 관악구 신림동 96-87,02-872-6904
524,cheogajip,개봉점,서울특별시,구로구,"서울특별시 구로구 고척로27길 58, 1층(개봉동)",02-2060-9253
525,cheogajip,신정점,서울특별시,양천구,"서울특별시 양천구 신정로11길 62, 1층(신정동, 유광빌딩)",02-2616-4331
526,cheogajip,화곡1점,서울특별시,강서구,"서울특별시 강서구 가로공원로 233  101(화곡동,뉴파인아파트상가1층)",02-2061-9284
527,cheogajip,개봉2점,서울특별시,구로구,서울특별시 구로구 개봉동 357-22,02-2689-0900
528,cheogajip,오류점,서울특별시,구로구,서울특별시 구로구 오류동 81-271,02-2688-0610
529,cheogajip,가좌점,인천시,서구,인천시 서구 가좌동 142-45,032-582-0099
530,cheogajip,신현점,인천시,서구,인천시 서구 신현동 279-5,032-578-7730
531,cheogajip,청라점,인천,서구,인천 서구 연희동 763-19,032-566-9599
532,cheogajip,하늘도시점,인천광역시,중구,"인천광역시 중구 은하수로 351, 2동 103호 (중산동, 우미린1차상가)",032-746-8990
533,cheogajip,검암점,인천,서구,인천 서구 승학로 313-1,032-561-0702
534,cheogajip,온수점,인천,강화군,인천 강화군 강화읍 길상면 온수리 538-10,032-937-9392
535,cheogajip,검단점,인천,서구,인천 서구 검단로 487번길 5,032-569-2848
536,cheogajip,마전점,인천,서구,인천 서구 완정로 34번길 47,032-566-8295
537,cheogajip,만수2점,인천,남동구,"인천 남동구 백범로 206번길 13(만수동 ,1층)",032-461-7735
538,cheogajip,만수3점,인천광역시,남동구,인천광역시 남동구 만수6동 1026-1,032-467-1717
539,cheogajip,주안4점,인천시,남구,인천시 남구 주안4동 414-32,032-433-2490
540,cheogajip,주안점,인천,남구,인천 남구 주안8동 1528-14,032-431-2877
541,cheogajip,구월3점,인천시,남동구,인천시 남동구 구월동 1359-20,032-766-9981
542,cheogajip,연안점,인천,중구,인천 중구 항동7가 58-4 라이프상가 1-107,032-886-7851
543,cheogajip,용현점,인천광역시,남구,인천광역시 남구 용현동 342-2,032-885-4229
544,cheogajip,송림3점,인천시,동구,인천시 동구 송림동 60-31,032-764-7999
545,cheogajip,송림점,인천,동구,인천 동구 송림2동 55-1,032-773-3297
546,cheogajip,송도점,인천시,연수구,인천시 연수구 컨밴시아대로 42번길 12,032-834-6272
547,cheogajip,인천논현점,인천광역시,남동구,인천광역시 남동구 논고개로 86,032-435-5599
548,cheogajip,병방점,인천시,계양구,인천시 계양구 병방동 92-26,032-544-5592
549,cheogajip,케이준 계양점,인천시,계양구,인천시 계양구 용종동 214-1,032-553-3927
550,cheogajip,계산점,인천시,계양구,인천시 계양구 계수로1,032-551-0122
551,cheogajip,효성점,인천시,계양구,인천시 계양구 효성동 192-1 (104호),032-553-9595
552,cheogajip,산곡점,인천시,부평구,인천시 부평구 산곡동 317-116,032-524-8787
553,cheogajip,간석점,인천,남동구,인천 남동구 간석동 113-1번지 102호,032-442-1406
554,cheogajip,구월점,인천,남동구,인천 남동구 구월동 1248-44,032-466-6222
555,cheogajip,진두점,인천시,옹진군,인천시 옹진군 영흥면 내리 8-200,032-888-5534
556,cheogajip,부개점,인천시,부평구,인천시 부평구 부개동 140-22,032-361-9951
557,cheogajip,케이준 삼산점,인천시,부평구,인천시 부평구 삼산동440-1삼산타운 1단지 B상가103호,032-330-8600
558,cheogajip,부평점,인천시,부평구,인천시 부평구 부평동 904-16,032-361-2555
559,cheogajip,주안2점,인천광역시,남구,인천광역시 남구 주안2동 550-23,032-872-5028
560,cheogajip,동수역점,인천시,부평구,인천시 부평구 경인로 887,032-519-0555
561,cheogajip,학익점,인천시,남구,인천시 남구 학익동665-3,032-874-2271
562,cheogajip,연수점,인천,연수구,인천 연수구 연수동 497-7,032-818-2616
563,cheogajip,옥련청학점,인천,연수구,인천 연수구 옥련동 367-7,032-831-8292
564,cheogajip,육사점,서울시,노원구,서울시 노원구 공릉동 공릉사서함 77-5,02-2197-5941
565,cheogajip,수유화계점,서울시,강북구,서울시 강북구 노해로17길 51,02-992-8881
566,cheogajip,창5점(쌍용),서울특별시,도봉구,"서울특별시 도봉구 마들로 555, 101동",02-996-9292
567,cheogajip,미아삼거리점,서울,강북구,서울 강북구 월계로 3길 68 2층,02-980-0401
568,cheogajip,광희점,서울특별시,중구,"서울특별시 중구 마른내로 163,1층(광희동1가)",02-3273-9991
569,cheogajip,연희점,서울특별시,서대문구,서울특별시 서대문구 증가로 34(연희동),02-325-9090
570,cheogajip,보문점,서울시,성북구,서울시 성북구 보문로109,02-953-5749
571,cheogajip,정릉점,서울시,성북구,"서울시 성북구 보국문로 75,102",02-909-5150
572,cheogajip,청구점,서울시,중구,"서울시 중구 동호로12길 88(신당동,1층)",02-2231-5460
573,cheogajip,서교점,서울시,마포구,서울시 마포구 성미산로17길 84,02-3143-6623
574,cheogajip,방학점,서울시,도봉구,서울시 도봉구 방학로 200-20,02-955-9696
575,cheogajip,북가좌점,서울시,서대문구,서울시 서대문구 북가좌동 347-27,02-309-3430
576,cheogajip,경희대점,서울특별시,동대문구,"서울특별시 동대문구 경희대로4길 79, 1층 105호 (이문동)",02-964-9292
577,cheogajip,후암점,서울시,용산구,서울시 용산구 동자동 19-33,02-755-9595
578,cheogajip,염리점,서울시,마포구,서울시 마포구 숭문4길 5,02-713-3340
579,cheogajip,도화점,서울시,마포구,서울시 마포구 도화1동 25-4,02-702-6692
580,cheogajip,이태원점,서울시,용산구,서울시 용산구 이태원동 225-60,02-797-7689
581,cheogajip,응봉점,서울시,성동구,서울시 성동구 응봉동 193-118 1층,02-2293-3600
582,cheogajip,역촌점,서울시,은평구,서울시 은평구 역촌동 34-1,02-384-8008
583,cheogajip,우이점,서울시,강북구,서울시 강북구 우이동 72-65,02-902-1870
584,cheogajip,수유점,서울시,강북구,서울시 강북구 수유동 310-1,02-997-1745
585,cheogajip,번동점,서울특별시,강북구,서울특별시 강북구 번동 411-17,02-994-3232
586,cheogajip,창동점,서울특별시,도봉구,서울특별시 도봉구 창동 804 대우APT 상가,02-995-6481
587,cheogajip,쌍문점,서울시,도봉구,서울시 도봉구 시루봉로2길 66 1층 102호,02-900-3301
588,cheogajip,녹천점,서울특별시,도봉구,서울특별시 도봉구 창동 38-1 주공17단지상가 101,02-995-4236
589,cheogajip,월계미성점,서울시,노원구,서울시 노원구 월계동 17 미성상가 103,02-975-8892
590,cheogajip,공릉점,서울특별시,노원구,서울특별시 노원구 공릉동 270-70,02-948-7724
591,cheogajip,중곡점,서울시,광진구,서울시 광진구 중곡동 79-10,02-446-7831
592,cheogajip,면목점,서울시,중랑구,서울시 중랑구 면목동 657-56,02-495-4716
593,cheogajip,신내점,서울시,중랑구,서울시 중랑구 신내동 472-3 ,02-435-8438
594,cheogajip,공릉2점,서울특별시,노원구,서울특별시 노원구 공릉동 708 공릉 2단지 상가,02-948-7733
595,cheogajip,중계점,서울시,노원구,서울시 노원구 중계동 503 중계그린상가 B-107 ,02-971-4444
596,cheogajip,수락산점,서울시,노원구,"서울시 노원구 상계동 1110-6 종합상가 103,110,111호",02-936-4994
597,cheogajip,칠금봉방점,충북,충주시,충북 충주시 연수동 1245,043-853-9288
598,cheogajip,청전점,충북,제천시,충북 제천시 숭문로20길 26(의림동),043-648-9222
599,cheogajip,지현점,충북,충주시,충북 충주시 사직산8길 22(지현동),043-852-9991
600,cheogajip,이류점,충북,충주시,충북 충주시 대소원면 대소원1길 21,043-851-9289
601,cheogajip,용산점,충북,충주시,충북 충주시 용정2길 39-1(성남동),043-844-9292
602,cheogajip,연수점,충북,충주시,충북 충주시 금릉동 708-2,043-845-9201
603,cheogajip,수안보점,충북,충주시,충북 충주시 수안보면 장터1길 19,043-848-7278
604,cheogajip,부강점,충북,충주시,충북 충주시 교현동 1087,043-843-5163
605,cheogajip,금가점,충북,충주시,충북 충주시 금가면 강수로 335,043-853-9191
606,cheogajip,충북혁신도시점,충북,진천군,충북 진천군 덕산면 연미로 87-1 상가1층,043-534-6300
607,cheogajip,오창호수공원점,충청북도,청주시,충청북도 청주시 청원구 오창읍 양청리 752-4 102호,043-213-0215
608,cheogajip,음성점,충청북도,음성군,충청북도 음성군 음성읍 시장로 43 ,043-872-1138
609,cheogajip,탑동점,충청북도,청주시,충청북도 청주시 상당구 탑동로1번길 104 ,043-255-1686
610,cheogajip,괴산점,충청북도,괴산군,충청북도 괴산군 괴산읍 동부리 627-20,043-833-9959
611,cheogajip,가경점,충북,청주시,충북 청주시 가경동1137번지,043-232-9999
612,cheogajip,봉명점,충청북도,청주시,충청북도 청주시 흥덕구 봉명로149번길 6,043-265-9993
613,cheogajip,부윤점,충청북도,음성군,충청북도 음성군 대소면 대동로 515 ,043-877-7633
614,cheogajip,강서점,충청북도,청주시,충청북도 청주시 흥덕구 서현중로 56 ,043-238-3382
615,cheogajip,감곡점,충청북도,음성군,충청북도 음성군 감곡면 장감로 189 ,043-881-5538
616,cheogajip,진천점,충청북도,진천군,충청북도 진천군 진천읍 문화2길 12,043-534-8292
617,cheogajip,복대점,충청북도,청주시,충청북도 청주시 흥덕구 성봉로 267 ,043-236-1717
618,cheogajip,석교점,충청북도,청주시,충청북도 청주시 상당구 영운로 140 ,043-254-2851
619,cheogajip,소라점,충청북도,청주시,충청북도 청주시 상당구 원봉로 25 신라아파트 상가 111호,043-293-3973
620,cheogajip,충북덕산점,충청북도,진천군,충청북도 진천군 덕산면 초금로 757-2,043-536-3521
621,cheogajip,영동점,충청북도,영동군,충청북도 영동군 영동읍 영산로1길 3 ,043-742-1213
622,cheogajip,옥천점,충청북도,옥천군,충청북도 옥천군 옥천읍 금장로 113 ,043-733-1725
623,cheogajip,용산점,충청북도,영동군,충청북도 영동군 용산면 용산로 307,043-742-1212
624,cheogajip,배방북수점,충청남도,아산시,충청남도 아산시 배방읍 배방로173번길 20-18 ,041-541-3092
625,cheogajip,용화점,충청남도,아산시,충청남도 아산시 온중로 20,041-541-9292
626,cheogajip,동문점,충청남도,서산시,충청남도 서산시 한마음2로 49 ,041-665-9777
627,cheogajip,서면점,충청남도,서천군,충청남도 서천군 서면 서인로 361,041-953-9282
628,cheogajip,석문점,충청남도,당진시,충청남도 당진시 석문면 해명4로3길 34,041-356-9700
629,cheogajip,강경점,충청남도,논산시,충청남도 논산시 강경읍 계백로153번길 4 ,041-745-1121
630,cheogajip,한진포구점,충청남도,당진시,충청남도 당진시 송악읍 한진포구길 27 ,041-358-0421
631,cheogajip,예산덕산점,충청남도,예산군,충청남도 예산군 덕산면 봉운로 21,041-337-5311
632,cheogajip,대천동점,충청남도,보령시,충청남도 보령시 남대천로 73 ,041-934-9294
633,cheogajip,신평점,충청남도,당진시,충청남도 당진시 신평면 신평로 820,041-362-9233
634,cheogajip,온양1동점,충청남도,아산시,충청남도 아산시 번영로 71 ,041-546-1077
635,cheogajip,논산점,충청남도,논산시,충청남도 논산시 부창로100번길 13-19,041-736-6262
636,cheogajip,신암점,충청남도,예산군,충청남도 예산군 신암면 추사로 206,041-332-4652
637,cheogajip,서천점,충청남도,서천군,충청남도 서천군 서천읍 충절로29번길 18,041-953-9259
638,cheogajip,신정점,충청남도,아산시,충청남도 아산시 온천대로 1333번길 15,041-549-0662
639,cheogajip,엄사점,충청남도,계룡시,충청남도 계룡시 엄사면 엄사중앙로 65-10 동아아파트 상가 106호 ,042-840-9282
640,cheogajip,인주점,충청남도,아산시,충청남도 아산시 인주면 현대로 1032 ,041-533-6467
641,cheogajip,음암점,충청남도,서산시,충청남도 서산시 음암면 상홍리 155-3 우리아파트상가 ,041-663-1211
642,cheogajip,당진1점,충청남도,당진시,충청남도 당진시 밤절로 103,041-357-9205
643,cheogajip,웅천점,충청남도,보령시,충청남도 보령시 웅천읍 장터중앙길 126 ,041-933-2338
644,cheogajip,안면점,충청남도,태안군,충청남도 태안군 안면읍 장터로 140-1 ,041-674-0097
645,cheogajip,인지점,충청남도,서산시,충청남도 서산시 인지면 무학로 1728 ,041-669-9923
646,cheogajip,금산점,충청남도,금산군,충청남도 금산군 금산읍 금산로 1465,041-753-4808
647,cheogajip,부여점,충청남도,부여군,충청남도 부여군 부여읍 석탑로 3 ,041-832-6979
648,cheogajip,샘마을점,충청남도,아산시,충청남도 아산시 신창면 남성길 99,041-533-0041
649,cheogajip,모종점,충청남도,아산시,충청남도 아산시 모종동 577-13 ,041-544-3910
650,cheogajip,천북점,충청남도,보령시,충청남도 보령시 천북면 하궁길 10,041-641-2461
651,cheogajip,공주1점,충청남도,공주시,충청남도 공주시 우금티로 755 2층 ,041-856-5455
652,cheogajip,해미점,충청남도,서산시,충청남도 서산시 해미면 남문1로 47 ,041-688-6662
653,cheogajip,모항점,충청남도,태안군,충청남도 태안군 소원면 모항파도로 113 ,041-672-9044
654,cheogajip,원북점,충청남도,태안군,충청남도 태안군 원북면 원이로 841-4 ,041-672-3599
655,cheogajip,명지점,충청남도,서산시,충청남도 서산시 대산읍 물안1로 123 ,041-664-2564
656,cheogajip,두정2점,충청남도,천안시,충청남도 천안시 서북구 두정역서1길 4-12 다온빌리지 1층상가 ,041-566-1111
657,cheogajip,목천점,충청남도,천안시,충청남도 천안시 동남구 목천읍 교천지산길 16 ,041-558-9993
658,cheogajip,장재점,충청남도,아산시,충청남도 아산시 배방읍 연화로 36 연화마을8단지 상가2동 104호 ,041-534-5592
659,cheogajip,성거점,충청남도,천안시,충청남도 천안시 서북구 성거읍 송남리 585,041-522-0550
660,cheogajip,초원점,충청남도,아산시,충청남도 아산시 음봉면 음봉로681번길 24 초원아파트109-101호 ,041-531-9295
661,cheogajip,신방점,충청남도,천안시,충청남도 천안시 동남구 수곡2길 5 ,041-575-6236
662,cheogajip,청수점,충청남도,천안시,충청남도 천안시 동남구 풍세로 932 ,041-567-4241
663,cheogajip,입장점,충청남도,천안시,충청남도 천안시 서북구 입장면 입장로 121 초원상가6-103호 ,041-584-5694
664,cheogajip,쌍용봉명점,충청남도,천안시,충청남도 천안시 서북구 봉서5길 18 ,041-579-9990
665,cheogajip,백석점,충청남도,천안시,충청남도 천안시 서북구 백석4길 12,041-523-9288
666,cheogajip,쌍용월봉점,충청남도,천안시,충청남도 천안시 서북구 월봉4로 140-16 월봉태영아파트상가 107호 ,041-571-9292
667,cheogajip,북면중앙점,충청남도,천안시,충청남도 천안시 동남구 북면 상동리 86-14 중앙아파트 상가 16호 ,041-555-7874
668,cheogajip,성환점,충청남도,천안시,충청남도 천안시 서북구 성환읍 성환중앙로 47 ,041-581-9369
669,cheogajip,직산점,충청남도,천안시,충청남도 천안시 서북구 성거읍 봉주로 111 ,041-583-6161
670,cheogajip,차암공단점,충청남도,천안시,충청남도 천안시 서북구 직산읍 2공단5로 169 대림상가 105호 ,041-621-9292
671,cheogajip,두정1점,충청남도,천안시,충청남도 천안시 서북구 늘푸른5길 22 골드프라자 110호 ,041-551-3392
672,cheogajip,성정점,충청남도,천안시,충청남도 천안시 서북구 서부16길14,041-575-5457
673,cheogajip,신부점,충청남도,천안시,충청남도 천안시 동남구 터미널2로 32 (신부동729번지),041-563-9292
674,cheogajip,남부점,충청남도,천안시,충청남도 천안시 동남구 풍세로 769-28,041-592-9245
675,cheogajip,10단지점,충청남도,천안시,충청남도 천안시 서북구 봉서산샛길 64 상가102호 ,041-578-5592
676,cheogajip,조촌점,전북,군산시,전북 군산시 조촌로 68 (조촌동),063-451-7666
677,cheogajip,정읍수성점,전북,정읍시,전북 정읍시  중앙로95(수성동),063-535-3773
678,cheogajip,익산영등점,전북,익산시,전북 익산시 고봉로22길 31 (영등동),063-852-9982
679,cheogajip,수송점,전북,군산시,전북 군산시 월명로 305(수송동),063-466-7666
680,cheogajip,산북소룡점,전북,군산시,전북 군산시 칠성안1길 17(산북동 104호),063-471-9282
681,cheogajip,미장점,전북,군산시,전북 군산시 미장남로 36(미장동),063-468-9282
682,cheogajip,미룡군산대점,전북,군산시,전북 군산시 미제1길 6(미룡동),063-462-9299
683,cheogajip,만경점,전북,김제시,전북 김제시 만경읍 만경로 804,063-545-3286
684,cheogajip,나운지곡점,전북,군산시,전북 군산시 신평길 33-2(지곡동),063-463-9285
685,cheogajip,나운1점,전북,군산시,전북 군산시 상나운로 86(나운동),063-463-8292
686,cheogajip,김제점,전북,김제시,전북 김제시 동서로 133(요촌동),063-542-8292
687,cheogajip,김제신풍점,전북,김제시,전북 김제시 검산택지5길 21-7(검산동),063-544-9282
688,cheogajip,해남화원점,전남,해남군,전남 해남군 화원면 금평리 236-3,061-532-1353
689,cheogajip,해남점,전남,해남군,전남 해남군 해남읍 해남로 4,061-533-3133
690,cheogajip,한라삼호점,전남,영암군,전남 영암군 삼호읍 신항로 80(2층),061-462-6636
691,cheogajip,하당점,전남,목포시,전남 목포시 하당로30번길 12(상동),061-284-2004
692,cheogajip,퀸스빌점,전남,영암군,전남 영암군 삼호읍 삼호중앙로 129 (퀸스빌2차아파트 상가 101동 102호),061-462-9289
693,cheogajip,창평점,전남,담양군,전남 담양군 창평면 의병로 137,061-383-7900
694,cheogajip,진도점,전남,진도군,전남 진도군 진도읍 남동리 쌍정2길 30,061-542-3939
695,cheogajip,중동점,전남,광양시,전남 광양시 진등길 10(중동),061-793-8599
696,cheogajip,용해점,전남,목포시,전남 목포시 용당로 271-1(용해동),061-277-3168
697,cheogajip,오성점,전남,광양시,전남 광양시 광양읍 대림오성로 112,061-763-9550
698,cheogajip,압해도,전남,신안군,전남 신안군 압해면 압해로 889,061-271-1618
699,cheogajip,안좌도점,전남,신안군,"전남 신안군 안좌면 김환기길 1-2,1층",061-261-8855
700,cheogajip,신안인스빌점,전남,목포시,"전남 목포시 삼학로 363, 상가동 113호(용해동)",061-277-9282
701,cheogajip,순천대학점,전남,순천시,"전남 순천시 중앙로 270,1층(석현동)",061-751-2651
702,cheogajip,송지점,전남,해남군,전남 해남군 송지면 산정1길 92,061-535-5554
703,cheogajip,서면용당점,전남,순천시,전남 순천시 서면 강청길 88(1층),061-753-8295
704,cheogajip,상동점,전남,목포시,전남 목포시 상리로1번길 16(상동),061-274-3999
705,cheogajip,산정점,전남,목포시,전남 목포시 고하대로 656(산정동),061-278-0090
706,cheogajip,법성점,전남,영광군,전남 영광군 법성면  연우로4(법성리),061-356-8185
707,cheogajip,미평점,전남,여수시,전남 여수시 미평로 52 1층(미평동),061-651-9166
708,cheogajip,문수점,전남,여수시,전남 여수시 문수로 72(문수동),061-651-3886
709,cheogajip,무안점,전남,무안군,"전남 무안군 무안읍 면성2길 55(3,4)",061-453-7077
710,cheogajip,동정점,전남,여수시,전남 여수시 하멜로 18(고소동),061-654-9292
711,cheogajip,돌산점,전남,여수시,전남 여수시 돌산읍 강남8길 30(돌산1차청솔아파트 상가동 102호),061-644-2777
712,cheogajip,도초비금점,전남,신안군,전남 신안군 도초면 불섬길 85-12,061-275-6622
713,cheogajip,덕양점,전남,여수시,전남 여수시 소라면 주삼덕양로 3,061-683-8352
714,cheogajip,대불점,전남,영암군,전남 영암군 삼호읍 대불주거1로5길 17,061-462-0092
715,cheogajip,남창점,전남,해남군,전남 해남군 북평면 볼무당길 5,061-533-0805
716,cheogajip,남악점,전남,무안군,"전남 무안군 삼향읍 남악5로46번길 22, 111호(황금먹거리장터)",061-984-8292
717,cheogajip,국동점,전남,여수시,전남 여수시 국동 994-3,061-642-5272
718,cheogajip,광영점,전남,광양시,전남 광양시 광영로 97(광영동),061-794-9982
719,cheogajip,광양점,전남,광양시,전남 광양시 광양읍 호북길22,061-762-8154
720,cheogajip,곡성점,전남,곡성군,전남 곡성군 곡성읍 중앙로 141,061-363-7870
721,cheogajip,강진점,전남,강진군,전남 강진군 강진읍 영랑로3길 10,061-434-7722
722,cheogajip,매곡월드점,울산광역시,북구,"울산광역시 북구 매산로 35, 101호(매곡동, 매곡동월드프라자)",052-298-3005
723,cheogajip,천곡점,울산광역시,북구,"울산광역시 북구 관문길 6-1, 지상1층(천곡동)",052-292-9298
724,cheogajip,쌍용아진점,울산광역시,북구,"울산광역시 북구 신답로40, 102(상안동,지팝프라자)",052-282-9255
725,cheogajip,호계점,울산,북구,울산 북구 호계동 255-8,052-286-9984
726,cheogajip,화봉점,울산광역시,북구,울산광역시 북구 두부곡 7길 1,052-287-9007
727,cheogajip,서동점(울산),울산광역시,중구,울산광역시 중구 북부순환도로 879 (서동),052-293-9222
728,cheogajip,반구점,울산,중구,울산 중구 화합로 395(반구동),052-285-0272
729,cheogajip,태화점,울산,중구,울산 중구 신기2길 4(태화동),052-245-1220
730,cheogajip,다운점,울산광역시,중구,울산광역시 중구 운곡8길 48(다운동),052-222-2597
731,cheogajip,무거점,울산광역시,남구,"울산광역시 남구 신복로 13, 1층(무거동)",052-222-9288
732,cheogajip,옥동점,울산광역시,남구,울산광역시 남구 문수로 369번길 10-1(옥동),052-269-9293
733,cheogajip,명촌점,울산광역시,북구,"울산광역시 북구 명촌로 81, 1층(명촌동)",052-289-1400
734,cheogajip,양정점,울산광역시,북구,"울산광역시 북구 염포로 555(양정동,1층)",052-287-9236
735,cheogajip,남목점,울산,동구,울산 동구 미포2길 50(동부동),052-235-9446
736,cheogajip,전하1호점,울산광역시,동구,"울산광역시 동구 전하로 8, 1층(전하동",052-234-3467
737,cheogajip,일산점,울산광역시,동구,울산광역시 동구 방어진순환도로 709(일산동),052-235-3133
738,cheogajip,방어진점,울산광역시,동구,울산광역시 동구 동진2길 17(방어동),052-201-9338
739,cheogajip,삼산점,울산,남구,울산 남구 삼산동 삼산중로 114번로 23,052-260-8293
740,cheogajip,달동점,울산,남구,울산 남구 삼산로 254번길 23,052-257-7111
741,cheogajip,신정1호점,울산광역시,남구,울산광역시 남구 월평로 69(신정동),052-261-0321
742,cheogajip,야음점,울산,남구,울산 남구 야음동 459-52,052-267-9292
743,cheogajip,야음변전소점,울산광역시,남구,울산광역시 남구 처용로 26번길 10(야음동),052-275-4606
744,cheogajip,덕하점,울산광역시,울주군,울산광역시 울주군 청량면 삼정로 769,052-268-7943
745,cheogajip,덕신점,울산광역시,울주군,"울산광역시 울주군 온산읍 신온8길 18, 1층 102호",052-238-1882
746,cheogajip,나사리점,울산광역시,울주군,울산광역시 울주군 서생면 나사해안길 61-1,052-238-3355
747,cheogajip,훼미리점,울산,울주군,울산 울주군 상북면 궁근정리 846-14 진우훼미리상가 102,052-264-5848
748,cheogajip,언양점,울산,울주군,울산 울주군 언양읍 남문길 14,052-263-9222
749,cheogajip,연동점,세종특별자치시,연동면,세종특별자치시 연동면 청연로 655,044-865-9911
750,cheogajip,전동점,세종특별자치시,전동면,세종특별자치시 전동면 운주산로 346,044-858-8883
751,cheogajip,남산점,부산,금정구,부산 금정구 남산동 27-50,051-515-9996
752,cheogajip,부산외대점,부산광역시,금정구,부산광역시 금정구 남산로 2-1(남산동),051-517-9989
753,cheogajip,길천점,부산,기장군,부산 기장군 장안읍 길천리 224-5,051-727-3097
754,cheogajip,좌천점,부산,기장군,부산 기장군 장안읍 좌천리 202-6,051-727-0807
755,cheogajip,일광점,부산광역시,기장군,부산광역시 기장군 일광면 삼성리 33-1,051-722-1515
756,cheogajip,기장점,부산광역시,기장군,부산광역시 기장군 기장읍 차성로 288번길 66,051-721-5577
757,cheogajip,서동점(부산),부산,금정구,부산 금정구 서동 205-13,051-531-2557
758,cheogajip,명장점,부산광역시,동래구,"부산광역시 동래구 반송로 339번길 8, 1동 101호(명장동,협진태양아파트상가)",051-522-9285
759,cheogajip,강동점,부산,강서구,부산 강서구 강동동 112-4,051-971-1244
760,cheogajip,공항점,부산광역시,강서구,"부산광역시 강서구 공항진입로 42번길 20, 2층(대저2동 해성스포렉스)",051-971-9282
761,cheogajip,스마트W개금점,부산광역시,부산진구,"부산광역시 부산진구 가야대로 411, 1층 105호(개금동,개금역스마트더블유)",051-893-1116
762,cheogajip,개금엘지점,부산광역시,부산진구,"부산광역시 부산진구 백양대로 309(개금동,(1층))",051-896-4480
763,cheogajip,개금주공점,부산광역시,부산진구,"부산광역시 부산진구 백양대로 136번길 37-9,1층(당감동,당평교회)",051-891-2577
764,cheogajip,금곡점,부산광역시,북구,"부산광역시 북구 금곡대로 470번길 35,105(금곡동,유림상가)",051-361-4148
765,cheogajip,화명점,부산,북구,부산 북구 화명1동 1130-9,051-341-3392
766,cheogajip,구포1호점,부산광역시,북구,부산광역시 북구 구포시장길 44(구포동),051-337-7377
767,cheogajip,구포3호점,부산광역시,북구,부산광역시 북구 시랑로 72-1(구포동),051-336-1244
768,cheogajip,덕천점,부산,북구,부산 북구 덕천동 의성로 115번길 3,051-338-9977
769,cheogajip,만덕점,부산,북구,부산 북구 만덕2로 32(만덕동),051-331-5877
770,cheogajip,온천장점,부산광역시,동래구,부산광역시 동래구 금강로 90(온천동),051-556-9233
771,cheogajip,장전점,부산광역시,금정구,부산광역시 금정구 금정로 149번길 8(장전동),051-583-6262
772,cheogajip,미남점,부산광역시,동래구,"부산광역시 동래구 여고북로 109 (온천동,1층)",051-503-8292
773,cheogajip,사직국민시장점,부산광역시,동래구,"부산광역시 동래구 사직북로57번 가길 6, 1층(사직동)",051-507-8081
774,cheogajip,사직운동장점,부산광역시,동래구,"부산광역시 동래구 여고로 7, 1층(사직동)",051-505-9283
775,cheogajip,거제점,부산,연제구,부산 연제구 아시아드대로 46번길 7(거제동),051-502-9943
776,cheogajip,연산1호점,부산광역시,연제구,부산광역시 연제구 쌍미천로 126(연산동),051-851-1253
777,cheogajip,망미배산점,부산,연제구,부산 연제구 망미1동 831-26번지,051-751-0026
778,cheogajip,전포점,부산,부산진구,"부산 부산진구 전포동 전포대로294,2-101(전포동한신상가)",051-804-9280
779,cheogajip,범천점,부산광역시,부산진구,부산광역시 부산진구 범천1동 850-1,051-637-8222
780,cheogajip,문현2호점,부산광역시,남구,부산광역시 남구 전포대로 77번길 9-2(문현동),051-631-2568
781,cheogajip,문현점,부산,남구,부산 남구 문현동 351-6,051-635-9294
782,cheogajip,감만점,부산,남구,부산 남구 감만동 146-1,051-631-9288
783,cheogajip,대연점,부산광역시,남구,부산광역시 남구 석포로 79(대연동),051-622-9254
784,cheogajip,용호시장점,부산광역시,남구,"부산광역시 남구 용호로 190, 1층(용호동)",051-623-0202
785,cheogajip,용호점,부산광역시,남구,부산광역시 남구 동명로 121(용호동),051-611-9201
786,cheogajip,대연1호점,부산,남구,부산 남구 대연동 290-11,051-625-1331
787,cheogajip,남천점,부산광역시,수영구,"부산광역시 수영구 남천동로 7, 1층(남천동,장우빌딩)",051-624-9282
788,cheogajip,광안점,부산,수영구,부산 수영구 광안동  537-2 ,051-757-7781
789,cheogajip,수비점,부산광역시,해운대구,"부산광역시 해운대구 해운대로 383번 가길 19, 101호(우동, 삼진그린아파트상가)",051-818-7272
790,cheogajip,송정점,부산,해운대구,부산 해운대구 송정동 200-19,051-704-7977
791,cheogajip,신도시2호점,부산,해운대구,부산 해운대구 좌동 1288 대동타운분산상가 203,051-701-3331
792,cheogajip,우동1호점,부산,해운대구,부산 해운대구 우동1로 58(우동),051-742-7860
793,cheogajip,수영점,부산광역시,수영구,부산광역시 수영구 수영로 725번길 14(수영동),051-757-4004
794,cheogajip,망미점,부산광역시,수영구,부산광역시 수영구 구락로 85-2,051-758-7747
795,cheogajip,재송점,부산광역시,해운대구,부산광역시 해운대구 재송1로 54,051-784-1801
796,cheogajip,반여2동점,부산광역시,해운대구,"부산광역시 해운대구 해운대로 61번길 98-1, 1층 (반여동)",051-782-3392
797,cheogajip,반여점,부산광역시,해운대구,부산광역시 해운대구 반여로 167번길 70(반여동),051-524-0238
798,cheogajip,안락점,부산광역시,동래구,부산광역시 동래구 충렬대로 428번길 50(안락동),051-525-1105
799,cheogajip,연산토곡점,부산광역시,연제구,부산광역시 연제구 과정로 269-1(연산동),051-868-9011
800,cheogajip,학장점,부산,사상구,부산 사상구 학장동 574-111 삼성아파트상가 1-102,051-316-1999
801,cheogajip,하단1호점,부산광역시,사하구,"부산광역시 사하구 하신번영로 360(하단동, 1층 우측)",051-293-9266
802,cheogajip,가락새신평점,부산,사하구,부산 사하구 하신번영로 171(신평동) 31,051-201-3101
803,cheogajip,장림점,부산,사하구,부산 사하구 장림동 604-209,051-264-5959
804,cheogajip,다대자유점,부산광역시,사하구,"부산광역시 사하구 다대로 617, 상가동 102호(다대동, 자유아파트)",051-261-9955
805,cheogajip,다대점,부산광역시,사하구,부산광역시 사하구 다대로 397(다대동),051-263-5567
806,cheogajip,신평점,부산,사하구,부산 사하구 신평1동 33-168  24/1,051-206-1097
807,cheogajip,당리점,부산,사하구,부산 사하구 당리동 324-27,051-294-8292
808,cheogajip,괴정1호점,부산,사하구,부산 사하구 까치고개로 10(괴정동),051-207-7227
809,cheogajip,동해점,부산,서구,부산 서구 남부민동 33-6 흥아맨션 307호 ,051-255-8228
810,cheogajip,감천점,부산광역시,사하구,"부산광역시 사하구 감천로 111, 1층(감천동)",051-201-1235
811,cheogajip,동삼점,부산광역시,영도구,부산광역시 영도구 동삼로 77(동삼동),051-404-9282
812,cheogajip,청학점,부산광역시,영도구,"부산광역시 영도구 청학로 32, 4층 2호(청학동)",051-413-4423
813,cheogajip,동구청점,부산광역시,동구,부산광역시 동구 수정로 18(수정동),051-441-9985
814,cheogajip,범천2호점,부산광역시,부산진구,"부산광역시 부산진구 가야대로 702, 101동 103호(범천동, 서면 e-편한세상상가)",051-803-1992
815,cheogajip,주례점,부산,사상구,부산 사상구 가야대로 306번길 69(주례동),051-315-9292
816,cheogajip,가야점,부산,부산진구,부산 부산진구 가야대로 589번길 3(가야동),051-891-0787
817,cheogajip,당감1호점,부산광역시,부산진구,부산광역시 부산진구 백양순환로 105(부암동),051-894-3999
818,cheogajip,부암점,부산광역시,부산진구,"부산광역시 부산진구 시민공원로 19번길 38-6(부암동,1층)",051-806-6266
819,cheogajip,하마정점,부산광역시,부산진구,"부산광역시 부산진구 범양로 113, 1층(양정동)",051-865-9246
820,cheogajip,한남대점,대전,대덕구,대전 대덕구 한남로 28 ,042-624-9100
821,cheogajip,어은점,대전,유성구,대전 유성구 어은로48번길 9-5 ,042-861-9255
822,cheogajip,법동점,대전,대덕구,대전 대덕구 계족로663번길 23 ,042-633-0792
823,cheogajip,신탄로하스점,대전,대덕구,대전 대덕구 대덕대로 1583 ,042-936-2000
824,cheogajip,신성점,대전,유성구,대전 유성구 신성로62번길 38,042-861-9222
825,cheogajip,원신흥점,대전,유성구,대전 유성구 원신흥남로 58,042-826-4492
826,cheogajip,비래가양점,대전,대덕구,대전 대덕구 우암로 412,042-621-9982
827,cheogajip,부사점,대전,중구,대전 중구 대종로316번길 2,042-253-3588
828,cheogajip,둔산녹원점,대전,서구,대전 서구 계룡로491번길 28,042-487-2955
829,cheogajip,둔산타임월드점,대전,서구,대전 서구 갈마역로 10,042-471-6656
830,cheogajip,전민점,대전,유성구,대전 유성구 전민로38번길 33,042-861-9005
831,cheogajip,도마점,대전,서구,대전 서구 도솔로 137,042-528-9238
832,cheogajip,관평점,대전,유성구,대전 유성구 테크노1로 12-22,042-671-2100
833,cheogajip,월평3점,대전,서구,대전 서구 월평중로 50,042-383-7000
834,cheogajip,성남점,대전,동구,대전 동구 성남로 28,042-673-9044
835,cheogajip,둔산1점,대전,서구,대전 서구 둔산북로 175,042-482-7979
836,cheogajip,중리점,대전,대덕구,대전 대덕구 중리남로 48,042-622-9266
837,cheogajip,송촌2점,대전,대덕구,대전 대덕구 동춘당로54번길 40-6,042-622-9233
838,cheogajip,갈마점,대전,서구,대전 서구 갈마중로7번길 29,042-525-5163
839,cheogajip,신인점,대전,동구,대전 동구 계족로 87,042-283-4338
840,cheogajip,신탄1점,대전,대덕구,대전 대덕구 덕암로 222,042-933-1212
841,cheogajip,용운점,대전,동구,대전 동구 용운로147번길 123,042-284-8266
842,cheogajip,보문점,대전,중구,대전 중구 충무로 73,042-254-9942
843,cheogajip,대화점,대전,대덕구,대전 대덕구 동심1길 172,042-633-5592
844,cheogajip,관저1점,대전,서구,대전 서구 도안남로 148,042-545-3392
845,cheogajip,한밭점,대전,중구,대전 중구 보문산로 31,042-585-1188
846,cheogajip,태평점,대전,중구,대전 중구 수침로55번길 7,042-525-6720
847,cheogajip,용두점,대전광역시,중구,대전광역시 중구 중앙로 13번길 63,042-256-9595
848,cheogajip,목동점,대전광역시,중구,대전광역시 중구 목중로19번길 7,042-222-2092
849,cheogajip,송촌1점,대전광역시,대덕구,대전광역시 대덕구 계족로690번길 21 선비마을1단지상가 104,042-672-9911
850,cheogajip,노은1점,대전광역시,유성구,대전광역시 유성구 은구비로 18,042-476-9223
851,cheogajip,장대점,대전,유성구,대전 유성구 문화원로 13,042-822-8892
852,cheogajip,월평1점,대전광역시,서구,대전광역시 서구 월평새뜸로8번길 50,042-485-0145
853,cheogajip,괴정점,대전광역시,서구,대전광역시 서구 도산로369번길 91,042-536-0124
854,cheogajip,산호점,대전광역시광역시,서구,대전광역시광역시 서구 계룡로571번길 65 상가 103호,042-488-2285
855,cheogajip,둔산삼천점,대전광역시광역시,서구,대전광역시광역시 서구 둔산북로 215,042-482-1363
856,cheogajip,하남점,광주광역시,광산구,광주광역시 광산구 월곡반월로 28(월곡동 1동),062-951-5912
857,cheogajip,주월점,광주,남구,광주 남구 서문대로 749번길 15-1(주월동),062-673-7334
858,cheogajip,운암동림점,광주,북구,광주 북구 운암1동 930-8,062-531-4898
859,cheogajip,양산첨단2점,광주광역시,북구,광주광역시 북구 임방울대로1041번길 24(용두동 1층),062-574-8292
860,cheogajip,송하풍암점,광주,남구,광주 남구 송하동 258-7,062-676-9252
861,cheogajip,송정점,광주광역시,광산구,"광주광역시 광산구 송도로 319, 1층(송정동)",062-941-9979
862,cheogajip,문흥1점,광주,북구,광주 북구 대천로 139번길 8-7(문흥동),062-267-8511
863,cheogajip,두암타운점,광주,동구,광주 동구 산수동 밤실로 147 (두암타운상가 105호),062-261-2962
864,cheogajip,모동점,경북,상주시,경북 상주시 모동면 용호1길 25,054-536-9282
865,cheogajip,영주1호점,경북,영주시,경북 영주시 대학로 261번길 36(가흥동),054-631-7711
866,cheogajip,안계점,경북,의성군,경북 의성군 안계면 안계길 118,054-862-6999
867,cheogajip,신안점,경북,안동시,경북 안동시 안막동 69-9,054-852-4273
868,cheogajip,옥동점,경북,안동시,경북 안동시 옥동768-1 세영APT 상가동 104호,054-843-0303
869,cheogajip,의성역점,경북,의성군,경북 의성군 의성읍 문소3길 89,054-832-6225
870,cheogajip,성동점,경북,상주시,경북 상주시 성동 193 - 3 번지,054-536-1442
871,cheogajip,낙양점,경북,상주시,경북 상주시 낙양동 199-1,054-535-0599
872,cheogajip,휴천점,경북,영주시,경북 영주시 영주로 330번길 56(휴천동),054-636-9636
873,cheogajip,진보점,경북,청송군,경북 청송군 진보면 진안79-2,054-653-8893
874,cheogajip,점촌점,경북,문경시,경북 문경시 모전동 52-9,054-552-5882
875,cheogajip,예천점,경북,예천군,경북 예천군 예천읍 효자로 65,054-653-8892
876,cheogajip,법원점,경상북도,포항시,경상북도 포항시 북구 법원로 154 (양덕동),054)-252-9946
877,cheogajip,평해점,경북,울진군,경북 울진군 평해읍 평해리 58 2층,054-787-8483
878,cheogajip,황성점,경북,경주시,경북 경주시 용담로 116번길  61-5    103동  101호 신흥2차,054-773-5408
879,cheogajip,시래점,경북,경주시,경북 경주시 구매3길 28(시래동),054-771-7980
880,cheogajip,안강점,경북,경주시,경북 경주시 안강읍 양월5리1199-14,054-761-0087
881,cheogajip,보문점,경북,경주시,경북 경주시 신평동 150-9,054-748-7484
882,cheogajip,황오점,경북,경주시,경북 경주시 황오동 원효로 174,054-745-7501
883,cheogajip,영덕점,경북,영덕군,경북 영덕군 영덕읍 남석1리  148,054-732-1313
884,cheogajip,영천점,경북,영천시,경북 영천시 야사동 283-38,054-334-9709
885,cheogajip,오천점,경북,포항시,경북 포항시 남구오천읍용덕리322-15,054-292-1128
886,cheogajip,연일점,경상북도,포항시,경상북도 포항시 남구 연일읍 철강로25번길 52,054-278-9907
887,cheogajip,동해점,경북,포항시,경북 포항시 남구동해면 약전1리291-1,054-284-4957
888,cheogajip,효자점,경북,포항시,경북 포항시 남구 효자동 308-16,054-282-3324
889,cheogajip,흥해점,경북,포항시,경북 포항시 북구 흥해읍 흥해로 21,054-261-7786
890,cheogajip,환호점,경북,포항시,경북 포항시 북구환호동512-7,054-252-6588
891,cheogajip,기계점,경북,포항시,경북 포항시 북구 기계면 현내리 404-5,054-246-0088
892,cheogajip,감포점,경북,경주시,경북 경주시 감포읍 감포리 50-2,054-777-3457
893,cheogajip,달전점,경북,포항시,경북 포항시 북구 흥해읍 달전로 365,054-261-7892
894,cheogajip,북면점,경북,울진군,경북 울진군 북면 덕구온천로 28,054-783-0747
895,cheogajip,충효점,경북,경주시,경북 경주시 충효녹지길 128-9(충효동),054-742-8285
896,cheogajip,아화점,경북,경주시,경북 경주시 서면 내서로 406,054-751-0331
897,cheogajip,신암점,대구광역시,동구,대구광역시 동구 신암4동612-53,053-958-3999
898,cheogajip,성주점,경북,성주군,경북 성주군 성주읍 성산리 2098-2번지,054-931-9292
899,cheogajip,선남점,경북,성주군,경북 성주군 선남면 관화리670-3,054-931-1116
900,cheogajip,진량점,경북,경산시,경북 경산시 진량읍 신상리 205-1,053-851-9959
901,cheogajip,범물2호점,대구광역시,수성구,대구광역시 수성구 범물동1369-11,053-782-7631
902,cheogajip,두산들안점,대구광역시,수성구,대구광역시 수성구 들안로20길 41,053-763-1002
903,cheogajip,효신점,대구광역시,동구신천4동436-7,대구광역시 동구신천4동436-7,053-756-6114
904,cheogajip,범어점,대구광역시,수성구,대구광역시 수성구 범어4동114-1,053-745-5598
905,cheogajip,진천사랑점,대구광역시,달서구,대구광역시 달서구 월배로 32-1 진천우체국,053-643-0006
906,cheogajip,화원점,대구광역시,달성군,대구광역시 달성군 화원읍 화원로 1길 12,053-636-9995
907,cheogajip,상인점,대구광역시,달서구,대구광역시 달서구 상인동 1474-1 보성산호상가 102호,053-636-4333
908,cheogajip,대명1호점,대구광역시,남구,"대구광역시 남구 안골길 15,1층",053-622-9888
909,cheogajip,논공점,대구광역시,달성군,대구광역시 달성군 논공읍 북리 803-142,053-615-0697
910,cheogajip,현풍점,대구광역시,달성군,대구광역시 달성군 현풍면 중리295-1,053-611-9233
911,cheogajip,매곡점,대구광역시,달성군,대구광역시 달성군 다사읍 매곡리 1549-1,053-586-9983
912,cheogajip,감삼점,대구광역시,달서구,대구광역시 달서구 감삼동205-12,053-566-0292
913,cheogajip,중평점,대구광역시,서구,대구광역시 서구 국채보상로34길12.129-119,053-559-9989
914,cheogajip,신천점,대구광역시,동구,대구광역시 동구 신천동633 동신우방상가108-108,053-422-9277
915,cheogajip,방촌점,대구광역시,동구,대구광역시 동구 방촌동902-7 현대상가,053-984-3185
916,cheogajip,시지1호점,대구광역시,수성구,대구광역시 수성구 노변공원로1길 6-5(시지동),053-793-9960
917,cheogajip,두류내당점,대구광역시,달서구,"대구광역시 달서구 야외음악당로 163, 1충(두류동)",053-654-2064
918,cheogajip,대명계대점,대구광역시,남구,대구광역시 남구 대명3동2262-47번지,053-652-9982
919,cheogajip,명곡점,대구광역시,달성군,대구광역시 달성군 화원읍 상암로71201호2층,053-644-9902
920,cheogajip,죽곡점,대구광역시,달성군,대구광역시 달성군 다사읍 대실역남로 4길 30-26,053-586-8870
921,cheogajip,산격점,대구광역시,북구,대구광역시 북구 대동로 45(산격동),053-951-8890
922,cheogajip,동명점,경북,칠곡군,경북 칠곡군 동명면 금암중앙길 42,054-976-7981
923,cheogajip,삼청공단점,경북,칠곡군,경북 칠곡군 왜관읍 삼청리410-32,054-973-4489
924,cheogajip,왜관점,경북,칠곡군,경북 칠곡군 왜관읍왜관리774,054-971-4110
925,cheogajip,석적중리점,경북,칠곡군,경북 칠곡군 석적읍 중리201-10,054-971-3825
926,cheogajip,용산점,대구광역시,달서구,"대구광역시 달서구 와룡로49길 103,1층",053-563-9997
927,cheogajip,서재점,대구광역시,달성군,대구광역시 달성군 다사읍 서재리 서재로 108,053-585-8145
928,cheogajip,성서1호점,대구광역시,달서구,대구광역시 달서구 이곡동 752-19,053-581-1256
929,cheogajip,고아점,경북,구미시,경북 구미시 고아읍 오로리 460-1에덴상가 203호,054-481-3006
930,cheogajip,옥계점,경북,구미시,경북 구미시 구포동671-2,054-475-9950
931,cheogajip,산동점,경북,구미시,경북 구미시 산동면 강동로 1028-6,054-475-8299
932,cheogajip,진평점,경북,구미시,경북 구미시 진평동458,054)-471-1741
933,cheogajip,구미1호점,경북,구미시,경북 구미시 신평1동150-17,054)-463-4545
934,cheogajip,상모점,경북,구미시,경북 구미시 상사서로 92(상모동.마동1층),054)-462-9982
935,cheogajip,원평점,경북,구미시,경북 구미시 남통동14-44,054)-458-6117
936,cheogajip,도량점,경북,구미시,경북 구미시 도량동245-2,054)-442-1414
937,cheogajip,원호점,경북,구미시,경북 구미시 고아읍 원호리 449번지,054)-441-1033
938,cheogajip,대곡점,경북,김천시,경북 김천시 부곡동 990-1,054-437-8292
939,cheogajip,직지점,경북,김천시,경북 김천시 대항면복전리548-32,054-436-8998
940,cheogajip,신음점,경북,김천시,경북 김천시 신음동1302-5,054-435-2292
941,cheogajip,침산점,대구광역시,북구,대구광역시 북구 침산동456-7침산2지구아파트101-12,053-353-9959
942,cheogajip,인의황상점,경북,구미시,경북 구미시 여헌로14길 10,054-474-7940
943,cheogajip,덕곡율곡점,경북,김천시,"경북 김천시 아포대로 22, 외2필지(덕곡동)",054-437-9992
944,cheogajip,아포점,경북,김천시,경북 김천시 아포읍 국사리 1047번지102호,054-431-0082
945,cheogajip,지좌점,경북,김천시,경북 김천시 황산2길 36 (지좌동),054-434-1919
946,cheogajip,팔달점,대구광역시,서구,대구광역시 서구 서대구로68길 58(비산동),053-352-9959
947,cheogajip,칠곡2지구점,대구광역시,북구,대구광역시 북구 구암동 684-5,053-326-9949
948,cheogajip,태전점,대구광역시,북구,"대구광역시 북구 칠곡중앙대로53길32,상가동107호",053-311-9930
949,cheogajip,금호샛별점,대구광역시,북구,대구광역시 북구 한강로 6길3.1층(사수동),053-311-7999
950,cheogajip,회원1동점,경남,창원시,경남 창원시 마산회원구 회원동 29-15,055-244-0116
951,cheogajip,합천점,경남,합천군,"경남 합천군 합천읍 옥산로 57-1, 1층",055-931-0388
952,cheogajip,합성점,창원시,마산회원구,창원시 마산회원구 합성동 322-42,055-297-4406
953,cheogajip,함안점,경남,함안군,경남 함안군 함안면 북촌2길 64,055-583-8592
954,cheogajip,하동점,경남,하동군,경남 하동군 하동읍 중앙2길 10-4,055-884-1377
955,cheogajip,팔용점,창원시,의창구,창원시 의창구 팔용동 194-7 1층,055-297-9218
956,cheogajip,태룡점,밀양시,단장면,밀양시 단장면 태룡리 407-5,055-356-0274
957,cheogajip,칠원점,경남,함안군,경남 함안군 칠원읍 구성길 3,055-587-3037
958,cheogajip,창선점,경남,남해군,경남 남해군 창선면 상죽리 131,055-867-4406
959,cheogajip,진성점,경남,진주시,"경남 진주시 진성면 동부로 1348, 2층",055-758-3236
960,cheogajip,지산점,창원시,마산합포구,창원시 마산합포구 진북면 지산리 250-16,055-271-4348
961,cheogajip,지곡점,경남,함양군,경남 함양군 지곡면 병곡지곡로 963-1,055-963-6050
962,cheogajip,중앙점,경남,진주시,"경남 진주시 진주대로 1022-1, 1층(동성동)",055-747-7992
963,cheogajip,주공점,경남,거제시,"경남 거제시 성산로 20, 1층(옥포동, 무지개타운상가)",055-687-6333
964,cheogajip,제일점,경상남도,밀양시,경상남도 밀양시 밀양대로 1781-1(삼문동),055-354-8592
965,cheogajip,장평점,경남,거제시,경남 거제시 장평동 626-8,055-637-1950
966,cheogajip,자은점,창원시,진해구,창원시 진해구 자은동 975-12 1층 102호,055-551-9991
967,cheogajip,자산점,창원시,마산합포구,창원시 마산합포구 자산동 189-3,055-248-1581
968,cheogajip,일반성점,경남,진주시,경남 진주시 일반성면 창촌리 47-1,055-754-6786
969,cheogajip,위천점,경남,거창군,경남 거창군 위천면 장기리 418-18,055-942-6102
970,cheogajip,웅천점,창원시,진해구,창원시 진해구 북부동 560-4 대풍연립 101,055-545-1996
971,cheogajip,웅양점,경남,거창군,경남 거창군 웅양면 웅양로 1428,055-942-8858
972,cheogajip,용현점,경상남도,사천시,경상남도 사천시 용현면 진삼로 626,055-832-7772
973,cheogajip,용원점,경남,창원시,경남 창원시 진해구 안골로298번길 26 푸르지오 상가 1동 104호,055-552-1881
974,cheogajip,옥포점,경남,거제시,경남 거제시 옥포동 546-18,055-687-9292
975,cheogajip,옥수점,경남,거제시,경남 거제시 능포동 717-2,055-681-9252
976,cheogajip,안의점,경남,함양군,경남 함양군 안의면 금천리 160-5,055-962-0185
977,cheogajip,신월점,경상남도,창원시,"경상남도 창원시 의창구 창이대로570번길 13-3, 1층 107호(신월동)",055-264-9248
978,cheogajip,신반점,경남,의령군,경남 의령군 부림면 신반리 168-9,055-574-7709
979,cheogajip,수월점,경상남도,거제시,"경상남도 거제시 수양로 494, 1층 101(일부)호(양정동)",055-636-9297
980,cheogajip,수산점,경상남도,밀양시,경상남도 밀양시 하남읍 시서상가길 11,055-391-5008
981,cheogajip,수동점,경남,함양군,경남 함양군 수동면 화산리 1201-6,055-963-2292
982,cheogajip,서상점,경남,함양군,경남 함양군 서상면 서상로 263,055-963-8834
983,cheogajip,상봉점,경남,진주시,경남 진주시 북장대로 81번길 11(상봉동),055-746-9253
984,cheogajip,삼랑진점,경남,밀양시,경남 밀양시 삼랑진읍 만어로 8-4 1층,055-351-2305
985,cheogajip,삼계점,창원시,마산회원구,창원시 마산회원구 내서읍 삼계리 637번지,055-232-9222
986,cheogajip,삼가점,경남,합천군,경남 합천군 삼가면 삼가중앙길 21-18,055-932-9919
987,cheogajip,산호점,경상남도,창원시,경상남도 창원시 마산합포구 산호남로 6(산호동),055-245-0272
988,cheogajip,산청점,경상남도,산청군,경상남도 산청군 산청읍 친환경로 2668,055-973-7323
989,cheogajip,산복점,경남,창원시,"경남 창원시 마산회원구 회원남로 14(회원동, 102호)",055-245-5092
990,cheogajip,사파점,경상남도,창원시,"경상남도 창원시 성산구 창이대로663번길 5, 102-1호(사파동,미남빌딩)",055-267-8889
991,cheogajip,사곡점,경상남도,거제시,"경상남도 거제시 사등면 두동로 30, 지하1층 206호(경남아너스빌상가)",055-633-7060
992,cheogajip,봉평점,경상남도,통영시,"경상남도 통영시 데메4길 45, 1호(도남동,세인상가)",055-644-9290
993,cheogajip,반지점,창원시,성산구,"창원시 성산구 원이대로393번길 17-1 (반지동,2층)",055-237-9294
994,cheogajip,반림점,창원시,성산구,창원시 성산구 중앙동 74-6 1층 B호,055-261-3266
995,cheogajip,동천점,경남,남해군,경남 남해군 삼동면 동부대로 1235,055-867-7273
996,cheogajip,동마산점,창원시,마산회원구,창원시 마산회원구 구암남3길 13(구암동),055-295-6422
997,cheogajip,대산점,경상남도,함안군,경상남도 함안군 대산면 대산중앙로 214,055-582-8521
998,cheogajip,대방점,창원시,성산구,"창원시 성산구 대정로 131 213(대방동,대방덕산타운상가 213호)",055-275-9917
999,cheogajip,남해점,경남,남해군,경남 남해군 남해읍 화전로78번길 17,055-864-5894
1000,cheogajip,남면점,경남,남해군,경남 남해군 남면 남서대로 777,055-862-7574
1001,cheogajip,남.이동점,경남,남해군,경남 남해군 이동면 무림로 81-1,055-863-0840
1002,cheogajip,남.고현점,경남,남해군,경남 남해군 고현면 대사리 757-1,055-863-0920
1003,cheogajip,군북점,경남,함안군,경남 함안군 군북면 중암리 60-1,055-585-9200
1004,cheogajip,구조라점,경남,거제시,경남 거제시 일운면 구조라리 375,055-681-9797
1005,cheogajip,구암점,경상남도,창원시,경상남도 창원시 마산회원구 구암북2길 6(구암동),055-299-2450
1006,cheogajip,공단점,경남,진주시,경남 진주시 상평동 227 동국1차(아)상가 102,055-758-3534
1007,cheogajip,고현점,경상남도,거제시,경상남도 거제시 거제중앙로27길 15(고현동),055-635-7649
1008,cheogajip,거창점,경남,거창군,경남 거창군 거창읍 상림리 42-10,055-944-4776
1009,cheogajip,가야점,경남,함안군,경남 함안군 가야읍 도항리 95-1 1층,055-583-8021
1010,cheogajip,가곡점,경남,밀양시,경남 밀양시 가곡동 608-4,055-354-1628
1011,cheogajip,소주동점,경상남도,양산시,경상남도 양산시 대평들2길 17(주남동),055-362-2918
1012,cheogajip,명동점(양),경상남도,양산시,경상남도 양산시 신명동 7길 56(명동),055-362-3555
1013,cheogajip,평산점,경상남도,양산시,"경상남도 양산시 신명로 82, 107동 103호(평산동, 동일스위트1차)",055-386-9994
1014,cheogajip,덕계점,경상남도,양산시,경상남도 양산시 덕계2길 20(덕계동),055-363-9901
1015,cheogajip,칠산점,경상남도,김해시,경상남도 김해시 칠산로 399번길 8(화목동),055-338-9982
1016,cheogajip,무계점,경상남도,김해시,"경상남도 김해시 장유로 301번길 3, 207호(무계동,청학프라자)",055-322-8886
1017,cheogajip,율하점,경상남도,김해시,"경상남도 김해시 율하2로 123, 113동 106호(율하동,율현마을동원로얄듀크아파트1차상가)",055-321-9288
1018,cheogajip,갑오점,경남,김해시,경남 김해시 장유면 대청리 332-4 대청프라자 A-218,055-332-7891
1019,cheogajip,주촌점,경남,김해시,경남 김해시 주촌면 서부로 1499번길 21,055-337-9240
1020,cheogajip,진례1호점,경상남도,김해시,경상남도 김해시 진례면 고모로 214,055-345-9989
1021,cheogajip,빙그레점,경남,김해시,경남 김해시 한림면 김해대로 914(가동),055-345-9957
1022,cheogajip,진영신도시점,경남,김해시,경남 김해시 진영읍 김해대로 365번길 18 105,055-342-6080
1023,cheogajip,명동점(김),경상남도,김해시,경상남도 김해시 한림면 명동로 7,055-345-2864
1024,cheogajip,생림점,경상남도,김해시,경상남도 김해시 생림면 생림대로 960,055-323-3980
1025,cheogajip,삼계점,경남,김해시,경남 김해시 가야로30번길 17(삼계동),055-332-9282
1026,cheogajip,외동점,경남,김해시,경남 김해시 외동 1246-3,055-335-4455
1027,cheogajip,부원점,경남,김해시,경남 김해시 가락로23번길7,055-322-9290
1028,cheogajip,어방점,경상남도,김해시,"경상남도 김해시 활천로 214번길5,101호(어방동,송대아트빌라)",055-327-8292
1029,cheogajip,삼방시장점,경상남도,김해시,경상남도 김해시 삼안로 237(삼방동),055-312-8255
1030,cheogajip,내원점,경남,양산시,경남 양산시 하북면 용연리 510-4,055-375-3692
1031,cheogajip,석계점,경상남도,양산시,경상남도 양산시 상북면 상북중앙로 349,055-374-7723
1032,cheogajip,대석리점,경상남도,양산시,경상남도 양산시 상북면 대성2길 7,055-375-3350
1033,cheogajip,어곡점,경남,양산시,경남 양산시 어곡동 9-3 외 4 필지 로얄파크빌상가 B09호,055-367-9298
1034,cheogajip,양산1호점,경남,양산시,경남 양산시 북부동 428-8,055-366-5592
1035,cheogajip,중부점,경상남도,양산시,"경상남도 양산시 양주로 110,상가동 1층 106호(중부동,현대아파트)",055-383-9133
1036,cheogajip,범어점,경남,양산시,경남 양산시 물금읍 동중1길 28,055-367-9494
1037,cheogajip,화도점,경기도,남양주시,경기도 남양주시 화도읍 비룡로 331,031-593-0808
1038,cheogajip,마석점,경기도,남양주시,경기도 남양주시 화도읍 마석로17번 안길 1-4,031-593-4045
1039,cheogajip,창현점,경기도,남양주시,"경기도 남양주시 화도읍 경춘로창벌2길 12, 1층",031-592-1441
1040,cheogajip,평내점,경기,남양주시,경기 남양주시 평내동 142,031-591-0993
1041,cheogajip,평내2호점,경기도,남양주시,경기도 남양주시 경춘로 1286 안길 3-5,031-595-8295
1042,cheogajip,도농점,경기도,남양주시,"경기도 남양주시 경춘로 386, 1층(도농동)",031-555-6009
1043,cheogajip,별내점,경기도,남양주시,경기도 남양주시 별내동 1023번지 104호,031-553-3311
1044,cheogajip,퇴계원점,경기도,남양주시,경기도 남양주시 퇴계원면 퇴계원로 78번길 1,031-572-1999
1045,cheogajip,사능점,경기도,남양주시,경기도 남양주시 진건읍 진건오남로 86번길 30,031-574-0505
1046,cheogajip,오남점,경기도,남양주시,"경기도 남양주시 오남읍 진건오남로512번길 23, 110호~111호",031-513-9292
1047,cheogajip,내각점,경기도,남양주시,경기도 남양주시 진접읍 내각2로 33,031-573-6221
1048,cheogajip,진접택지점,경기도,남양주시,경기도 남양주시 진접읍 해밀예당로23로 121,031-573-9888
1049,cheogajip,장현산호점,경기도,남양주시,경기도 남양주시 진접읍 금강로 1530-16(산호아파트상가 106호),031-571-5394
1050,cheogajip,광릉점,경기도,남양주시,경기도 남양주시 진접읍 부평로 42(진접센트레빌시티),031-515-1092
1051,cheogajip,광적점,경기도,양주시,경기도 양주시 광적면 가래비길 67,031-836-9191
1052,cheogajip,은현점,경기도,양주시,경기도 양주시 은현면 선암리 335-1,031-867-6966
1053,cheogajip,남면점,경기도,양주시,경기도 양주시 남면 화합로 610번길 87,031-859-9592
1054,cheogajip,문산점,경기도,파주시,"경기도 파주시 문산읍 우계로 472, 1동 104호(두산위브상가)",031-953-9233
1055,cheogajip,야동점,경기도,파주시,경기도 파주시 창곡동길 47,031-943-9282
1056,cheogajip,봉일천점,경기도,파주시,경기도 파주시 조리읍 봉천로 18,031-941-0444
1057,cheogajip,교하점,경기도,파주시,"경기도 파주시 청석로 334, 102호(다율동, 청석마을동문굿모닝힐상가)",031-946-9955
1058,cheogajip,운정점,경기도,파주시,"경기도 파주시 한울로84, 1층",031-946-0092
1059,cheogajip,가좌대화점,경기도,고양시,경기도 고양시 일산서구 가좌1로 73,031-921-9249
1060,cheogajip,SBS점,경기도,고양시,"경기도 고양시 일산서구 일현로128, 103호",031-919-9201
1061,cheogajip,구일산점,경기도,고양시,경기도 고양시 일산서구 고양대로 706-25,031-977-9270
1062,cheogajip,정발산점,경기도,일산동구,경기도 일산동구 산두로 213번길,031-916-9043
1063,cheogajip,풍동점,경기도,고양시,경기도 고양시 일산동구 숲속마을1로 48번길 42 103호,031-904-8592
1064,cheogajip,백석점,경기도,고양시,"경기도 고양시 일산동구 장백로 59, 104호 (백석동,흰돌마을)",031-962-0903
1065,cheogajip,원당점,경기도,고양시,경기도 고양시 덕양구 마상로154번길 2(성사동),031-968-9892
1066,cheogajip,고양점,경기도,고양시,경기도 고양시 덕양구 혜음로 8 삼라마이다스프라자 112호,031-966-6692
1067,cheogajip,사리현점,경기도,고양시,경기도 고양시 일산동구 공릉천로 32,031-969-9555
1068,cheogajip,화정부영점,경기도,고양시,경기도 고양시 덕양구 화중로 220 달빛마을 ,031-968-3392
1069,cheogajip,별빛점,경기도,고양시,경기도 고양시 덕양구 화정동 화신로 2811,031-972-3392
1070,cheogajip,화정주공점,경기도,고양시,"경기도 고양시 덕양구 백양로 6, 17단지 상가 101호",031-938-0404
1071,cheogajip,가라뫼점,경기도,고양시,경기도 고양시 덕양구 행신로 311번길 16,031-978-9277
1072,cheogajip,원흥점,경기도,고양시,"경기도 고양시 덕양구 서삼릉1길 70, 1층일부(원흥동)",031-965-9292
1073,cheogajip,삼송리점,경기도,고양시,경기도 고양시 삼송로 185번길 4,02-381-1188
1074,cheogajip,구리점,경기도,구리시,경기도 구리시 원수택로 47-1,031-562-8292
1075,cheogajip,청학점,경기도,남양주시,경기도 남양주시 별내면 청학로68번길 23-1 상가 101호,031-821-7766
1076,cheogajip,민락2호점,경기도,의정부시,경기도 의정부시 오목로225번길 79-16 1층(민락동),031-853-8321
1077,cheogajip,민락점,경기도,의정부시,경기도 의정부시 효자로 10-0 송산중앙 112호,031-852-9188
1078,cheogajip,금오점,경기도,의정부시,경기도 의정부시 추동로94,031-847-9222
1079,cheogajip,의정부5호점,경기도,의정부시,경기도 의정부시 경의로 86(의정부동),031-876-3737
1080,cheogajip,가능점,경기도,의정부시,경기도 의정부시 호국로 1188,031-873-8666
1081,cheogajip,녹양점,경기도,의정부시,경기도 의정부시 녹양로 62번길 31,031-874-5895
1082,cheogajip,산북점,경기도,양주시,경기도 양주시 평화로 1267번길 6,031-840-6277
1083,cheogajip,도곡점,경기도,남양주시,경기도 남양주시 와부읍 도곡로 1032-1,031-577-2054
1084,cheogajip,단월점,경기도,양평군,경기도 양평군 단월면 보산정길 2,031-773-7000
1085,cheogajip,용문점,경기도,양평군,경기도 양평군 용문면 중앙1길 21,031-774-5420
1086,cheogajip,양수리점,경기도,양평군,경기도 양평군 양서면 목왕로 19-1 1층,031-772-7974
1087,cheogajip,설악점,경기도,가평군,"경기도 가평군 설악면 신천중앙로 137-1, 1층",031-585-1282
1088,cheogajip,청평점,경기도,가평군,경기도 가평군 청평면 청평중앙로 64,031-585-8960
1089,cheogajip,가평점,경기도,가평군,"경기도 가평군 가평읍 가화로 133, 1층",031-582-9191
1090,cheogajip,가평목동점,경기도,가평군,경기도 가평군 북면 화악산로 11,031-582-7114
1091,cheogajip,현리점,경기도,가평군,경기도 가평군 하면 청군로 1185,031-585-2567
1092,cheogajip,호원점,경기도,의정부시,경기도 의정부시 호원동 454-14,031-871-7959
1093,cheogajip,장암점,경기도,의정부시,"경기도 의정부시 동일로 466번길 70, 1층 106호(신곡동)",031-848-5592
1094,cheogajip,신곡점,경기도,의정부시,경기도 의정부시 장금로78번길 49(신곡동),031-856-8286
1095,cheogajip,송우리점,경기도,포천시,경기도 포천시 소흘읍 태봉로 166번길 5,031-554-9696
1096,cheogajip,가산점,경기도,포천시,경기도 포천시 가산면 가산로 370,031-543-0575
1097,cheogajip,포천점,경기도,포천시,경기도 포천시 호병로 55,031-535-9292
1098,cheogajip,관인점,경기도,포천시,경기도 포천시 관인면 관인로 21,031-534-9555
1099,cheogajip,전곡점,경기도,연천군,경기도 연천군 전곡읍 전곡로 216,031-832-9942
1100,cheogajip,상패점,경기도,동두천시,경기도 동두천시 상패로 186,031-865-1102
1101,cheogajip,동두천1호점,경기도,동두천시,경기도 동두천시 지행로107번길 29(지행동),031-865-9994
1102,cheogajip,동두천2호점,경기도,동두천시,"경기도 동두천시 동두천로63, 1층 102호(송내동, 상가동)",031-858-9252
1103,cheogajip,덕정점,경기도,양주시,경기도 양주시 덕정길 50 가-1 4필지,031-858-9297
1104,cheogajip,삼숭점,경기도,양주시,경기도 양주시 삼숭로38번길 102,031-846-9294
1105,cheogajip,월곶군하점,경기도,김포시,경기도 김포시 월곶면 군하리 170번지,032-997-1195
1106,cheogajip,대곶점,경기도,김포시,경기도 김포시 대곶면 송마리 3-18,031-984-9288
1107,cheogajip,대능,경기도,김포시,경기도 김포시 대곶면 대능리 150-1,031-997-9242
1108,cheogajip,구래,김포시,김포,김포시 김포 한강9로 12번길 8-6 (구래동 6896-14),031-996-3392
1109,cheogajip,장기점,경기도,김포시,경기도 김포시 장기동 1407,031-989-9242
1110,cheogajip,사우북변,경기도,김포시,경기도 김포시 사우동 225-3 103호,031-983-9208
1111,cheogajip,풍무,경기도,김포시,경기도 김포시 풍무동 629 1층 103호,031-983-3889
1112,cheogajip,케이준 덕풍점,경기도,하남시,경기도 하남시 덕풍동 335-7번지,032-791-7942
1113,cheogajip,태평,경기도,평택시,경기도 평택시 고덕면 궁리 75,031-664-5548
1114,cheogajip,평택세교,경기도,평택시,경기도 평택시 세교2로 45 상가 109,031-656-9366
1115,cheogajip,장안점,경기도,평택시,경기도 평택시 추담로 58-78,031-665-8842
1116,cheogajip,현대,경기도,평택시,경기도 평택시 이충동 381 현대상가 103호,031-663-9959
1117,cheogajip,지산서정점,경기도,평택시,경기도 평택시 서정동 799-2,031-667-8253
1118,cheogajip,고현점,경기도,오산시,경기도 오산시 고현동 17,031-378-8292
1119,cheogajip,누읍점,경기도,오산시,경기도 오산시 누읍로 20,031-373-9282
1120,cheogajip,궐동,경기도,오산시,경기도 오산시 궐동 673-1 1층 (616-6),031-372-8998
1121,cheogajip,오산세교점,경기도,오산시,경기도 오산시 수청동589-2,031-378-6606
1122,cheogajip,오산은계점,경기도,오산시,경기도 오산시 은계동 33-3,031-377-9245
1123,cheogajip,금호,경기도,수원시,"경기도 수원시 권선구 금호로 285,2층(호매실동)",031-891-1515
1124,cheogajip,서수원,경기도,수원시,경기도 수원시 권선구 구운동 525-4,031-291-7885
1125,cheogajip,송죽조원,경기도,수원시,경기도 수원시 장안구 송죽동 500,031-245-6966
1126,cheogajip,화서,경기도,수원시,경기도 수원시 팔달구 화서동 184-348,031-247-5754
1127,cheogajip,권선,경기도,수원시,경기도 수원시 권선동 1028-6번지,031-222-8202
1128,cheogajip,곡반정점,경기도,수원시,경기도 수원시 권선구 곡반정동 569-16,031-222-9799
1129,cheogajip,매탄,경기도,수원시,경기도 수원시 영통구 매탄동 196-79,031-212-2457
1130,cheogajip,광교점,경기도,수원시,경기도 수원시 영통구 법조로 149번길 190,031-215-9282
1131,cheogajip,흥덕점,경기도,수원시,경기도 수원시 영통구 삼성로 320번길 35 101-102,031-217-9283
1132,cheogajip,오목천,경기도,수원시,경기도 수원시 권선구 오목천동 472-40,031-227-1033
1133,cheogajip,기안,경기도,화성시,경기도 화성시 기안동 355-16,031-224-5646
1134,cheogajip,봉담,경기도,화성시,경기도 화성시 봉담읍 상리15-10,031-227-0052
1135,cheogajip,동탄2점,경기도,화성시,경기도 화성시 지산1길 22-1 103호(영천동),031-378-6644
1136,cheogajip,동탄1호점,경기도,화성시,경기도 화성시 동탄 반송3길 50-7. 1층(반송동),031-613-9924
1137,cheogajip,병점점,경기도,화성시,경기도 화성시 병점3로 157 상가 106,031-222-7292
1138,cheogajip,반도체,경기도,화성,경기도 화성 태안 반월 360-8,031-202-2374
1139,cheogajip,신영통점,경기도,용인시,경기도 용인시 기흥구 서천서로12번길 4-11,031-206-9266
1140,cheogajip,영통,경기도,수원시,"경기도 수원시 영통구 청면남로50번길 24, 101",031-202-9966
1141,cheogajip,남양,경기도,화성시,경기도 화성시 남양동 547,031-357-9980
1142,cheogajip,팔탄,경기도,화성시,경기도 화성시 팔탄면 서촌길 16,031-352-6787
1143,cheogajip,서근리,경기도,화성시,"경기도 화성시 팔탄면 버들로 1374(서근리), 1층",031-352-0787
1144,cheogajip,안중점,경기도,평택시,경기도 평택시 안중읍 안중로18번길 2-19,031-681-9688
1145,cheogajip,향남점,경기도,화성시,"경기도 화성시 향남읍 행정동로 86, 103호",031-354-9124
1146,cheogajip,발안점,경기도,화성시,경기도 화성시 향냠읍 평리 101-9,031-353-0015
1147,cheogajip,왕림점,경기도,화성시,경기도 화성시 봉담읍 왕림 405-1,031-298-6196
1148,cheogajip,성남태평,경기도,성남시,경기도 성남시 수정구 태평동 2359,031-755-9990
1149,cheogajip,금광,경기도,성남시,경기도 성남시 중원구 금광동 4314 104호,031-732-9229
1150,cheogajip,상대원,경기도,성남시,경기도 성남시 중원구 상대원동 1132,031-604-0123
1151,cheogajip,수지상현점,경기도,용인시,경기도 용인시 상현동 859 롯데아파트상가 116호,031-266-9292
1152,cheogajip,성남점,경기도,성남시,경기도 성남시 수정구 성남대로 1180번길 5-1(수진동),031-754-3384
1153,cheogajip,야탑점,경기도,성남시,경기도 성남시 분당구 야탑로 153번길 9- 103호(야탑동),031-709-1577
1154,cheogajip,동판교,경기도,성남시,경기도 성남시 분당구 동판교로 52번길 9-3(백현동),031-704-9222
1155,cheogajip,서현분당,경기도,성남시,"경기도 성남시 분당구 분당로 212, 상가동 102호(분당동, 샛별마을)",031-703-9285
1156,cheogajip,케이준 분당정자점,경기도,성남시,경기도 성남시 분당구 내정로 119번길 36(정자동1층),031-719-2443
1157,cheogajip,구미금곡점,경기도,성남시,경기도 성남시 분당구 미금일로 81,031-713-9288
1158,cheogajip,휘닉스파크점,강원도,평창군,"강원도 평창군 봉평면 태기로 30, A동 2층 101호(아벨라상가)",033-333-1114
1159,cheogajip,횡계점,강원도,평창군,강원도 평창군 대관령면 횡계리 321-12,033-335-5232
1160,cheogajip,화촌점,강원도,홍천군,강원도 홍천군 화촌면 성산로134번길 15,033-432-8216
1161,cheogajip,화천점,강원도,화천군,강원도 화천군 화천읍 중앙로 26-2,033-441-6791
1162,cheogajip,홍천점,강원도,홍천군,강원도 홍천군 홍천읍 꽃뫼로 137,033-433-5392
1163,cheogajip,호산점,강원도,삼척시,강원도 삼척시 원덕읍 호산2길 67-1,033-572-9095
1164,cheogajip,현리점,강원도,인제군,강원도 인제군 기린면 덕다리길 8,033-461-5406
1165,cheogajip,학성점,강원도,원주시,"강원도 원주시 학성길 46, 상가동 1층 103호(학성동, 삼천리아파트)",033-744-2101
1166,cheogajip,퇴계점,강원도,춘천시,강원도 춘천시 행촌로32번길 16(퇴계동),033-256-5149
1167,cheogajip,태장소초점,강원도,원주시,강원도 원주시 소초면 치악로 2355,033-732-0095
1168,cheogajip,태장1점,강원도,원주시,강원도 원주시 현충로 148(태장동),033-745-8800
1169,cheogajip,태백점,강원도,태백시,"강원도 태백시 황지로 44. 107호(황지동, 우남연립)",033-553-4560
1170,cheogajip,천도리점,강원도,인제군,강원도 인제군 서화면 천도로 133-1,033-462-0990
1171,cheogajip,천곡점,강원도,동해시,강원도 동해시 감추로 16(천곡동),033-533-5999
1172,cheogajip,중동점,강원도,영월군,강원도 영월군 중동면 태백산로 1199,033-378-2200
1173,cheogajip,주천점,강원도,영월군,강원도 영월군 주천면 주천면 주천로84번길 1,033-372-9262
1174,cheogajip,조양점,강원도,속초시,"강원도 속초시 새마을길 5, 1층(조양동)",033-632-7111
1175,cheogajip,정선점,강원도,정선군,강원도 정선군 정선읍 비봉로 58-1,033-562-7447
1176,cheogajip,정선남면점,강원도,정선군,강원도 정선군 남면 문은단로 3,033-592-8288
1177,cheogajip,정동진점,강원도,강릉시,강원도 강릉시 강동면 정동3길 46-4,033-644-5831
1178,cheogajip,임원점,강원도,삼척시,강원도 삼척시 원덕읍 임원중앙로 37,033-573-6334
1179,cheogajip,일산점,강원도,원주시,"강원도 원주시 무실로 50(일산동, 지상1층)",033-731-5688
1180,cheogajip,인제점,강원도,인제군,강원도 인제군 인제읍 비봉로16번길 5,033-461-1666
1181,cheogajip,원통점,강원도,인제군,강원도 인제군 북면 원통로147번길 32,033-461-3269
1182,cheogajip,우산점,강원도,원주시,강원도 원주시 우산동 90-3번지,033-748-2777
1183,cheogajip,장호용화점,강원도,삼척시,강원도 삼척시 근덕면 삼척로 2127,033-573-1239
1184,cheogajip,오크밸리점,강원도,원주시,"강원도 원주시 지정면 오크밸리1길 70, 1층(빌리지센타)",033-730-3737
1185,cheogajip,양양점,강원도,양양군,강원도 양양군 양양읍 남문7길 5,033-671-4743
1186,cheogajip,양양동호점,강원도,양양군,강원도 양양군 손양면 선사유적로 316-20,033-672-6787
1187,cheogajip,양덕원점,강원도,홍천군,강원도 홍천군 남면 양덕원2길 30,033-432-0880
1188,cheogajip,양구점,강원도,양구군,강원도 양구군 양구읍 사명길 66,033-481-9998
1189,cheogajip,아야진점,강원도,고성군,강원도 고성군 토성면 아야진리 49-3,033-631-1130
1190,cheogajip,쌍용점,강원도,영월군,강원도 영월군 한반도면 쌍용로 82-1,033-372-5261
1191,cheogajip,신남점,강원도,인제군,강원도 인제군 남면 신남로48번길 19,033-461-8295
1192,cheogajip,시동점,강원도,홍천군,강원도 홍천군 남면 시동안로 321,033-432-0939
1193,cheogajip,수타사점,강원도,홍천군,강원도 홍천군 동면 속초길 6,033-436-9992
1194,cheogajip,석사점,강원도,춘천시,강원도 춘천시 효석로67번길 18-1(석사동),033-262-6592
1195,cheogajip,서화점,강원도,인제군,강원도 인제군 서화면 금강로 1777-1,033-463-4855
1196,cheogajip,서면점,강원도,홍천군,강원도 홍천군 서면 팔봉산로 1180,033-434-5605
1197,cheogajip,북방점,강원도,홍천군,강원도 홍천군 북방면 영서로 2706,033-434-8824
1198,cheogajip,부안점,강원도,춘천시,강원도 춘천시 보안길 42(후평동),033-251-1677
1199,cheogajip,봉포점,강원도,고성군,강원도 고성군 토성면 토성로 65,033-635-7575
1200,cheogajip,명륜점,강원도,원주시,"강원도 원주시 남원로527번길 66, 1층 (명륜동)",033-762-7778
1201,cheogajip,마차점,강원도,영월군,강원도 영월군 북면 마차중앙1길 39-1,033-372-3940
1202,cheogajip,동해본점,강원도,동해시,"강원도 동해시 해안로 635-4, 1층(발한동)",033-533-9383
1203,cheogajip,동면점,강원도,양구군,강원도 양구군 동면 금강산로 1554,033-481-7130
1204,cheogajip,단관점,강원도,원주시,"강원도 원주시 단관길 177-9(관설동, 1층)",033-766-9266
1205,cheogajip,단계점,강원도,원주시,강원도 원주시 북원로2246번길 45(단계동),033-731-0101
1206,cheogajip,내면점,강원도,홍천군,강원도 홍천군 내면 창촌로 33-1,033-432-1763
1207,cheogajip,남양점,강원도,삼척시,"강원도 삼척시 중앙시장길 68-26(남양동, 단층일부)",033-574-4582
1208,cheogajip,남부점,강원도,춘천시,강원도 춘천시 공지로 354(효자동),033-254-3503
1209,cheogajip,국토정중앙점,강원도,양구군,강원도 양구군 남면 삼팔선로 10,033-481-2521
1210,cheogajip,금호점,강원도,속초시,강원도 속초시 중앙로121번길 6(금호동),033-633-2239
1211,cheogajip,근덕점,강원도,삼척시,강원도 삼척시 근덕면 교가길 22-9,033-573-9293
1212,cheogajip,구곡점,강원도,원주시,"강원도 원주시 늘품로 8, 101호(단구동)",033-762-8989
1213,cheogajip,교동점,강원도,속초시,강원도 속초시 교동 먹거리4길 33(교동),033-632-3370
1214,cheogajip,계촌점,강원도,평창군,강원도 평창군 방림면 계촌길 58,033-333-9950
1215,cheogajip,거두점,강원도,춘천시,강원도 춘천시 동내면 거두택지길 32(1층),033-261-0552
1216,cheogajip,강현점,강원도,양양군,강원도 양양군 강현면 물치천로 12,033-671-4201
1217,cheogajip,강릉교동점,강원도,강릉시,"강원도 강릉시 율곡초교길39번길 18, 1층(교동)",033-648-9911
1218,cheogajip,강대점,강원도,춘천시,"강원도 춘천시 서부 대성로 182-1, 1층(효자동)",033-251-7782
1219,cheogajip,문혜리점,강원도,철원군,강원도 철원군 갈말읍 두루미로 100-1,033-452-5592
1220,cheogajip,제천A점,충북,제천시,"충북 제천시 숭의로1길 2, 1층(화산동)",043-642-6992
1221,cheogajip,광혜원점,충청북도,음성군,충청북도 음성군 대소면 대청로 15 ,043-535-9998
1222,cheogajip,금천점,충청북도,청주시,충청북도 청주시 상당구 수영로259번길 64 ,043-257-5853
